date,time,tweet
01/01/2023,,"Resuelto, muchÃ­simas gracias , excelente servicio como siempre"
02/01/2023,,"Muchas gracias, espero su dm"
02/01/2023,,Muchas gracias!
02/01/2023,,Algo similar me paso. QuerÃ­a renovar mi token para poder hacer una transferencia antes de cerrar la cuenta y wow. Fue mÃ¡s fÃ¡cil sacar el dinero por ventanilla.
02/01/2023,,Yeeeei! a travÃ©s de mi cuenta en acabo de contratar mi cuenta de ahorro con mi reto de 2023 para tener 25 mil pesos al final del aÃ±o. Tiene una sÃºper herramienta para domiciliar a mi cuenta eje y asÃ­ ahorrar disciplinadamente cada semana! Vamos !!! ğŸ’ªğŸ¼ğŸ’°
02/01/2023,,Esta es la seÃ±al que necesitan para tener el mÃ­nimo dinero en banamex
03/01/2023,,Gracias ğŸ˜
03/01/2023,,Muchas gracias ğŸ˜Š
03/01/2023,,"Yo no sÃ© mucho, pero te recomiendo la InversiÃ³n de . De los mejores rendimientos que he visto, y plazo a 7 dÃ­as. TambiÃ©n el de estÃ¡ chingÃ³n, pero tienen un lÃ­mite de 20k en inversÃ³n."
04/01/2023,,Gracias por la playera que me dieron en GalerÃ­as GDL.
04/01/2023,,buen dÃ­a...tengo problemas con mi cuenta
05/01/2023,,Gracias
05/01/2023,,Mis Respetos para ustedes... Gracias por el servicio ğŸ™ŒğŸ»
05/01/2023,,"Si ya la bloquee y desbloquee y pude hacer el deposito en oxxo, gracias"
06/01/2023,,"Ya todo bien, gracias ğŸ‘"
06/01/2023,,Milagro que me gano algo ğŸ«¶ğŸ»
06/01/2023,,Siii amigo jajaja estÃ¡ muy padre y puedes inveir y te da buen rendimiento ğŸŒš
06/01/2023,,nunca habÃ­a ganado nada antes âœ¨ hahaha
06/01/2023,,Con el CashBack de pude pagar mi servicio de internet. yei :)
07/01/2023,,Gracias!!!
07/01/2023,,"Listo, gracias"
07/01/2023,,Si gracias
08/01/2023,,A mÃ­ me llegÃ³ una semana despuÃ©s aprox
09/01/2023,,hola buen dÃ­a tengo algunas dudas con mi cuenta podrÃ­an ponerse en contacto... Muchas gracias..
10/01/2023,,Muchas gracias!
10/01/2023,,Muchas gracias ğŸ™
10/01/2023,,"Bloquea la tarjeta 5 minutos o mÃ¡s, posteriomente la vuelves a desbloquear y ya la agregas. Esa es la soluciÃ³n, me confirmas con un tweet por favor."
10/01/2023,,"Es de 35,000 UDIS (184,000).De todas las plataformas en las que he inveido las mejores son Finsus y cetes para largo plazo y HeyBanco es para mi la mejor opciÃ³n para tu fondo de emergencia , ya que tienes liquidez semanal. En Finsus tengo al rededor del 90% de mi poafolio."
11/01/2023,,Excelente Gracias por responder ğŸ™ estaremos muy atentos ğŸ¤
11/01/2023,,"Pues bueno, me quedÃ© sin cena, muchas gracias ğŸ‘"
11/01/2023,,"Gracias e igualmente, bendiciones ğŸ™"
11/01/2023,,Vale estoy esperando
11/01/2023,,Muchas gracias espero la respuesta
13/01/2023,,Me ganÃ© 99 pesitos de crÃ©dito en Amazon coesÃ­a de QuÃ© agradables sujetos ğŸ˜
13/01/2023,,es mejor
13/01/2023,,ContÃ©stenme por favor
14/01/2023,,Muchas gracias que amables ğŸ˜Š
14/01/2023,,"heybanco muchos aÃ±os como cliente de bancomer y me encontre con y la verdad estoy muy agusto con los servicios, la app y las tarjetas debito y credito"
14/01/2023,,amigos les mandÃ© dm gracias
14/01/2023,,solicito su ayuda gracias
15/01/2023,,Gracias!Ya respondÃ­.Quedo atenta
16/01/2023,,Va gracias
16/01/2023,,No sÃ© ni a quÃ© le piquÃ© pero muchas graciasğŸ˜‚â¤ï¸
16/01/2023,,"PlaneaciÃ³n de temporada 2023 de los equipos, gracias a por la ocnfianza desde el dÃ­a 1 y se viene la bomba de patrocinio con vamos por el doblete!!!}@DavilaCarloss"
16/01/2023,,Por eso son mi banco 1 â­â­â­â­â­
17/01/2023,,Gracias
17/01/2023,,Thanks!
17/01/2023,,Muchas gracias!
17/01/2023,,"Muchas gracias, me ayudÃ³ lo suficiente, el cargo ya no procediÃ³, se poaron muy bn aun cuando no me pude comunicar por telÃ©fono, fueron muy amables, mil gracias por su interÃ©s se hizo cargo de todo"
17/01/2023,,"IncreÃ­ble, gracias HeyBanco!!@heybanco"
17/01/2023,,Me contestaron que sÃ­.
18/01/2023,,Gracias
18/01/2023,,Gracias!
18/01/2023,,Graciaaas.
18/01/2023,,"Gracias por estar al pendiente,estoy segura que se va a poner las pilas para que lleguen los incentivos, si no estarÃ© pidiendo su apoyo."
18/01/2023,,"ğŸ’°La sexta opciÃ³n estÃ¡ opciÃ³n es de las mejores, su pagarÃ© a 7 dÃ­as es el mejor del mercado con tasa del 10% anual solo que la inversiÃ³n aquÃ­ es desde $5,000, tiene un plan de metas que te dan rendimiento a mes vencido del 4% y tÃº dinero disponible en cualquier momento"
18/01/2023,,ğŸ‡¬ğŸ‡¹ quÃ© buena onda por vos David ğŸ‘ğŸ‘ a disfrutarlo!!!
19/01/2023,,Â¡Gracias
19/01/2023,,"Â¡Hola!, me pueden apoyar por favor ğŸ˜¬"
19/01/2023,,"Eso se agradece, el aviso ğŸ‘ğŸ¼ğŸ‘ğŸ¼ğŸ‘ğŸ¼ğŸ‘ğŸ¼ğŸ‘ğŸ¼"
19/01/2023,,"Gracias, ya se ve reflejado. Solucionado. Gracias"
20/01/2023,,"Listo, gracias!"
20/01/2023,,Muchas gracias!
20/01/2023,,Los tkm â™¥ï¸
20/01/2023,,"CoesÃ­a de AnÃ­mense a sacar cuenta de Hey, muchas gracias por el regalo c:@nei_aokii"
20/01/2023,,Cof cof tambiÃ©n â¤ï¸â¤ï¸
20/01/2023,,te lo sÃºper recomiendo. Y no te cobran el plÃ¡stico.
20/01/2023,,"Afounadamente, en MÃ©xico tenemos , que nos da el 10% de lo que tenemos en la cuenta! ğŸ‘ŒğŸ¼"
21/01/2023,,"Muchas gracias por darme respuesta, ya se solucionÃ³ mi problema, excelente dÃ­a!"
23/01/2023,,Gracias !
23/01/2023,,"Muchas gracias, el equipo de me ayudÃ³ a resolver el problema y me dieron la recompensa que ganÃ©."
23/01/2023,,Gracias ! Este mes me tocÃ³ boletoDorado
23/01/2023,,Bello!
23/01/2023,,AÃºn hay esperanza.. congrats !!
24/01/2023,,Gracias ğŸ˜ŠğŸ˜ŠğŸ˜Š
24/01/2023,,Gracias.
24/01/2023,,Muchas gracias ğŸ‘ŒğŸ‘Œ
24/01/2023,,Gracias por mi premio de boletodorado ya canjee mi tarjeta de regalo
24/01/2023,,TÃ­o gracias por mi boleto Dorado. Ya por fin me tocÃ³ algo.
24/01/2023,,No mames que buena suee!
24/01/2023,,"segundo premio, espero lleguen mÃ¡s"
25/01/2023,,Gracias!!!
25/01/2023,,Gracias â˜ºï¸
25/01/2023,,"Hola, esto nos beneficia a los usuarios de"
26/01/2023,,Gracias por el apoyo con el seguimiento
26/01/2023,,Gracias tio hey! Esto nos ayuda bastante.
26/01/2023,,Muchas gracias Un mes gratis de
27/01/2023,,MuchÃ­simas gracias ya me resolviÃ³. Saludos!
27/01/2023,,Vale gracias ğŸ˜ƒ
27/01/2023,,Ya funcionÃ³. Como que se cayo sÃ³lo por unos segundos. Estuvo raro. Muchas gracias
27/01/2023,,Hola les escribÃ­ por DM porque tengo un par de dudas con la TDC.Gracias.
27/01/2023,,Gracias por ser pae de el FC Barcelona
27/01/2023,,cuando me darÃ¡n un crÃ©dito tradicional ya llevo mÃ¡s de un aÃ±o con una tarjeta de credito en garantÃ­a y he cumplido con mis pagos en tiempo y forma
28/01/2023,,Ok gracias
28/01/2023,,"Despues de estar 1 aÃ±o probando la tarjeta de CrÃ©dito de puedo decir que es muy buena y ni hablar de la cuenta de dÃ©bito, realmente en temas de seguridad en transacciones, MUY TOP. tqm Hey."
28/01/2023,,"Amistad, usa si usas tu tarjeta 6 veces al mes en compras de $100 pesos te vuelves â€œHeyProâ€ y tu inversiÃ³n te da un rendimiento de 10% anual que estÃ¡ sÃºper sÃºper bien con comparaciÃ³n a otros bancos o inveir a 25 aÃ±os con Allianz a mi me explicÃ³ mi prima y suena rebien"
28/01/2023,,Excelente
29/01/2023,,Me gane 2 premios
29/01/2023,,Amiga explÃ­came!!!
30/01/2023,,Muchas gracias por la informaciÃ³n!
30/01/2023,,ThankU!
30/01/2023,,"Vientos, gracias"
30/01/2023,,me encantaria presumir mi premio de boleto dorado... Si tan solo existiera...
31/01/2023,,me pueden proporcionar el link para invitar a mÃ¡s gente y tener mi beneficio.Gracias
01/02/2023,,Gracias ğŸ‘ğŸ¼
01/02/2023,,"Gracias, lo checo"
01/02/2023,,Â¿Ya no habrÃ¡ Viaje Financiero del 2022?ğŸ˜£ estaba muy buena esa informaciÃ³n
01/02/2023,,Gracias por el dato y cÃ³mo fue soeo ğŸ‘€?
01/02/2023,,"Buen dÃ­a, como me.pueden ayudar ya que me realizaron un deposito a mi cuenta de credito pero lo necesito a la de crÃ©dito"
02/02/2023,,Muchas gracias
02/02/2023,,Gracias ya se solucionÃ³. Buenas tardes
02/02/2023,,Lo realizarÃ©.Gracias.
02/02/2023,,En Diciembre me gane una tarjeta de regalo en Amazon con el ticket dorado de HeyBanco y me compre esto:*se emociona en seÃ±ora*
03/02/2023,,Me funcionÃ³ mil gracias
03/02/2023,,Gracias pero no es necesario. es una buena opciÃ³n. Hasta el momento no he tenido problemas graves con ellos solo es adaptarme a sus procesos. Pero aÃºn asÃ­ creo que van por buen camino. Aunque en ocasiones me hagan enojar
04/02/2023,,Mmm. te da el rendimiento del 10% Es buena opciÃ³n.
04/02/2023,,Gracias por mi aumento de crÃ©dito en mi tarjeta ğŸ’³!! Muy contenta con sus servicios! â™¥ï¸
05/02/2023,,Hablando de Ajolotes el banco sacara esta tarjeta y me encanto.. ğŸ‘ŒğŸ¼ğŸ˜Š
07/02/2023,,"serÃ­a la mejor TDC si se pudiera realizar pagos por adelantado en los meses sin intereses como en otras cuentas, siendo una opciÃ³n excelente para muchos usuarios"
08/02/2023,,"Casi me rindo cuando no obtuve ayuda del equipo de sopoe, afounadamente alguien aquÃ­ me refiriÃ³ a en twitter EnvÃ­ale un mensaje privado y me lo arreglÃ³, todo gracias a Ã©l, contÃ¡ctalo ahora."
08/02/2023,,Gracias por ser el mejor banco âœ¨
10/02/2023,,"HeyBanco tiene pagarÃ©s semanales con 10% anual. O sea, a la semana ya obtienes rendimientos y eso lo puedes reinveir en el siguiente pagarÃ© (de forma automÃ¡tica). Como generas interÃ©s compuesto muy rÃ¡pido, es muchÃ­simo mejor que el 11% anual de CETES."
11/02/2023,,gracias
11/02/2023,,Solucionado. Gracias.
11/02/2023,,"Alch, hechate unas investigadas de CETES, GMB y Hey+. CETES si ocupas investigar chido pero es muy seguro y Hey+ con HeyBanco es dinero seguro y rapido pero poco."
11/02/2023,,Excelente servicio de atenciÃ³n a clientes en HeyBanco 10/10
11/02/2023,,Por primera vez ganÃ© algo en el boleto dorado de mi d'Or los quiero mucho ğŸ¥°ğŸ–¤
13/02/2023,,Ok muchas gracias ğŸ˜Š
13/02/2023,,Gracias. Porque tengo una duda
13/02/2023,,Â¡Gracias a ti por formar pae de esta gran familia!
13/02/2023,,"DespuÃ©s de lo de hoy, la vida y mi banco favorito dijeron: ten un tarjeta de regalo para que te eches un Starbucks y te relajes un rato."
14/02/2023,,100 % recomendado la vdd
14/02/2023,,Para ver si eres fit y viable para seguros de vida! XD
14/02/2023,,"Que interesante lo que encontrÃ© en los permisos que utiliza la aplicaciÃ³n de â¦@heybancoâ©, estaba activada, como para que lo necesitan?"
15/02/2023,,ğŸ˜’ Gracias ğŸ˜Š
15/02/2023,,Hola intenta en el telÃ©fono o correo de la imagen. (Con la app la verdad yo no he tenido problemas)
15/02/2023,,hola ocupo ayuda con el cambio de nÃºmero de celular y con mi token
16/02/2023,,"Yo la eh pensado cambiar mi nomina con ellos, la tengo con y muy agusto.Que bueno que me dicen para no sacar tarjeta ahÃ­"
16/02/2023,,"gracias!!!! ahora, vi algo en relacion a transferencias internacionales... donde veo informaciÃ³n?"
16/02/2023,,"Pues mÃ¡s vale, la verdad"
16/02/2023,,Ya estÃ¡ todo listo..
17/02/2023,,Me acaba de llegar la constancia fiscal de y el aÃ±o pasado ganÃ© $2400 nomas de tener mi dinero guardado con ellos. 10/10
17/02/2023,,JamÃ¡s al menos la amex la primera anualidad es gratis y te da beneficios por compras el primer aÃ±o y bonos.
17/02/2023,,"Gracias por la respuesta, estarÃ© al pendiente"
18/02/2023,,Hola buenas tardes
18/02/2023,,"Buen dÃ­a, muchas gracias! Ya respondÃ­ al DM. Me tardÃ© porque pensÃ© que no respondÃ­an en la noche hehe"
20/02/2023,,Gracias
20/02/2023,,Tqm gracias por poner retiros en cajeros hsbc es el q tengo mÃ¡s cerquita
21/02/2023,,Hola!!!
23/02/2023,,Saludos a
23/02/2023,,"real esa tarjeta es la neta, en general el banco es 10/10"
23/02/2023,,":o si tengo cuenta pero nunca pedÃ­ la fÃ­sica, la pedirÃ©. Gracias por la recomendaciÃ³n ğŸ¥°ğŸ¤˜ğŸ»"
23/02/2023,,como puedo inveir con ustedes y como se genera las ganancias para uno
24/02/2023,,Que bueno que perdÃ­ mi tarjeta porque necesitaba una nueva con este diseÃ±o.
24/02/2023,,.@heybanco tqm ğŸ«¶ no solo es de los mejores bancos con su producto TDC o pagarÃ©s bancarios (inveir). AdemÃ¡s sabe que ando de forÃ¡neo y me regalo dinerito en Amazon ğŸ˜Œcon mi boleto dorado
24/02/2023,,"Hola buen dÃ­a, Al solicitar una tarjeta con diseÃ±o nuevo tengo que utilizarla?ReciÃ©n esta por llegarme la metÃ¡lica, sin embargo me atraen mucho los diseÃ±os como coleccionableâ€¦ y no quisiera pedir una y perder la metalğŸ¤”"
25/02/2023,,"Gracias, hasta ahorita los amo ğŸ’™"
26/02/2023,,Gracias bro
26/02/2023,,"Gracias, ya lo enviÃ©."
26/02/2023,,"Gracias por responder, quedo en espera de la soluciÃ³n al problema."
26/02/2023,,yo hice varias transferencias hace rato y todo bien
26/02/2023,,A veces sÃ³lo es cuestiÃ³n de limpiar el chip antes de pasarla! AsÃ­ he solucionado el inconveniente
26/02/2023,,Estoy muy contesta de compairles esta colaboraciÃ³n que hice con Hey Banco
26/02/2023,,"Ah ya, gracias, mencionas lo evidente sin nada de relevancia, excelente comentario."
26/02/2023,,â€œAgradecemos tu comprensiÃ³nâ€ jaja increÃ­ble
26/02/2023,,Es correcto. De BBVA a BBVA sin problemas. Ya en Hey avisaron que hasta las 7 aproximadamente.
27/02/2023,,Gracias ya les respondÃ­
27/02/2023,,Listo!! Gracias
27/02/2023,,Perfecto! Gracias â˜ºï¸
27/02/2023,,Pero que tremenda sabidurÃ­a ğŸ‘ me quede anonadado con este mensaje yo creÃ­a que la cantidad que ponÃ­a de garantÃ­a se utilizaba para los niÃ±os sin alimento o para los indigentes y que con eso ya despuÃ©s te entregaban una tarjeta de crÃ©dito ğŸ’³ ğŸ˜± que tremenda explicaciÃ³n
27/02/2023,,Esta padrisima la tarjeta!!
27/02/2023,,"EstÃ¡ muy bonito, me hace considerar adquirir la tarjeta"
27/02/2023,,Gracias. Ya le mande todos mis datos de mi tarjeta.
27/02/2023,,"SÃ­, sin problema:D"
27/02/2023,,"No es problema de ,es ellos son los que tienen la falla. Dalay."
27/02/2023,,"Pfâ€¦. Sigues con Intermitenciasâ€¦ y solo Hey Banco, BBVA sin problema."
27/02/2023,,"La primera no habÃ­a sido la de chichen itza ?Estoy esperando esa, pero este modelo estÃ¡ bonito tambiÃ©n."
27/02/2023,,"Tengo BBVA y Bancoppel, las dos trabajan a la perfecciÃ³n."
27/02/2023,,Entiendo le agradezco el comentario y como sugerencia me gustarÃ­a recibir una notificaciÃ³n correo o texto de que el servicio no estarÃ¡ disponible para no caer en esta situaciÃ³n ya que me sirve de mucha utilidad la tarjeta y me gustarÃ­a seguir con ustedes.
27/02/2023,,Que bien! ğŸ‘ğŸ¼
28/02/2023,,"Me siento poderosa !!! Gracias , estoy muy contenta !!!!ğŸâœ¨ğŸ‘‘"
28/02/2023,,Esta bien
28/02/2023,,"Yo la tengo y es una maravilla, Servicio eficiente y la app de primera. Â¡Â¡Â¡Altamente recomendable!!!!!"
28/02/2023,,"Ay no, yo ya tengo la mia y ese diseÃ±o esta super cool !!!"
01/03/2023,,"Animense, ya casi un aÃ±o con la tarjeta de credito heygarantizada y sin problemas, incluyendo en el extranjero"
02/03/2023,,"Gracias, segÃºn recuerdo esto ya lo habÃ­a hecho el dÃ­a que la fuÃ­ a activar pero volverÃ© a hacerlo tanto para la TDD cÃ³mo la TDC, gracias:)"
02/03/2023,,Mucho exito! heybanco
02/03/2023,,. recomendadÃ­simas ğŸ‘Œ(pd. YoTePresto y 100Ladrillos HechoEnJalisco)
03/03/2023,,"Hola muchas gracias por su respuesta en DMğŸ‘Œ, con lo que me indicaron ya logre hacer el movimiento que requeria"
03/03/2023,,Â¡Manifiesto!âœ¨ï¸ Hoy fui y salÃ­ enmoradÃ­sima. Me subÃ­ y asÃ­ casi que me voy a dar una vuelta Â¡Hermosisimo el carro! Â¡HÃ¡ganme la buena!â¤ï¸â€ğŸ”¥ğŸ™ğŸ’•
03/03/2023,,"Se resolviÃ³ con la actualizaciÃ³n de la app, gracias. TambiÃ©n me sirviÃ³ el DM ğŸ‘ŒğŸ¼"
03/03/2023,,Ustedes son mi banco y la verdad lo estan haciendo muy bien!
03/03/2023,,DefinitivamenteğŸ‘†ğŸ½
04/03/2023,,Gracias por secuestrar la plata en Ahorro ğŸ¤¦â€â™‚ï¸Bitcoin fixes this... literalmente eso me salva ğŸ™„
04/03/2023,,Gracias la transferencia fue aplicada al dÃ­a siguiente
06/03/2023,,"Gracias, ya lo resolvÃ­ jajaja, me equivoquÃ©"
06/03/2023,,QuedÃ³ aclarado el tema. Gracias.
07/03/2023,,Bank run!!!
07/03/2023,,Les respondÃ­ por privado. Saludos!
07/03/2023,,eso es bueno saberlo
08/03/2023,,Gracias por la informaciÃ³n ğŸ™
08/03/2023,,Gracias!
08/03/2023,,Listo!!!
08/03/2023,,"AsÃ­ te da la bienvenida a tu tarjeta de Metal, aÃºn sin beneficios adicionales ğŸ« "
08/03/2023,,"Se cayÃ³ la app de todo ha sido una buena experiencia con ustedes, no me fallen cuando se les necesita"
08/03/2023,,La verdad es menos tedioso el proceso de hablar con alguien en me agrada mucho la experiencia.
09/03/2023,,"Gracias, ya les contestÃ©"
09/03/2023,,ayuda!!!
09/03/2023,,"Si gracias, les volvÃ­ a contestar hace un par de horas"
09/03/2023,,"Fue mÃ¡s rÃ¡pido marcar, tuve que hacer una caa de hechos en donde ponÃ­a los datos que querÃ­a cambiar y ya lo hicieron, por fin pude instalar el Token. el chico que me atendiÃ³ sÃºper bueno y amable! Se llama Christhian HernÃ¡ndez â¤ï¸"
10/03/2023,,"me avisan si van a la quiebra, para sacar mi dinero de inversiÃ³n a 7 dÃ­as porfas y muchas gracias de antemano los amo âœ¨â¤ï¸â€ğŸ”¥"
11/03/2023,,"Yeah, son los mejores a pesar del veto"
12/03/2023,,Muchas gracias!
12/03/2023,,"solucionado, muchas gracias ğŸ«¶ğŸ¼"
12/03/2023,,Ya se puede
13/03/2023,,Gracias!
13/03/2023,,Gracias :)
13/03/2023,,"Me siguen hablando en horario laboral.El que su personal de DHL descuide su trabajo, no significa que yo tenga que descuidar el mÃ­o.Si me van a hablar, que sea despuÃ©s de las 15 hrs o 3 pm.Agradezco que Ã©sta vez si lean mi horario y me hablen cuando puedo atender el telÃ©fono."
13/03/2023,,Exacto puntos lealtad que solo se cambian en su tiendaPor lo menos en Santander si tienda tenÃ­a tecnologÃ­a y aÃ­culos para el hogar Mejor que lo cambien por mÃ¡s cashback
13/03/2023,,Verdaderamente el mejor banco que hay ğŸ’–âœ¨ los tqm mucho ğŸ¤ 
13/03/2023,,"Bueno, es que yo si pude ya."
13/03/2023,,Excelente!!
13/03/2023,,Excelente
13/03/2023,,Muy bien excelente
13/03/2023,,"Me gane un mes de Spotify y no soy usuario ğŸ˜„, mejor que me cambien mi tarjeta, me gusta mÃ¡s la blanca del negocio. ğŸ˜"
13/03/2023,,es excelente! Yo eh trabajo varios aÃ±os con ellos y todo perfecto
14/03/2023,,Super! OjalÃ¡ que esto pueda ser corregido en la app entonces. ApareciÃ³ asÃ­ hace unos dÃ­as de repente. Gracias!Cc.
14/03/2023,,Wooow que emociÃ³n
14/03/2023,,ğŸ¥³ Nunca me gano nada.Pero hoy empeze bien mi dÃ­a ğŸ‘ğŸ»
14/03/2023,,ExitoğŸ³ï¸â€ğŸŒˆğŸ³ï¸â€ğŸŒˆ
15/03/2023,,"Ya les contestÃ©, gracias"
15/03/2023,,Listos !!!!!!!!
15/03/2023,,"Gracias ya los conocÃ­, los use, y hoy los dejo, definitivamente no son lo mio, pero si los recomiendo! ğŸ‘ Bancos fintech mexicano"
15/03/2023,,"CÃ¡mbiate a HeyBanco, hasta el momento es la mejor que he probado. Te dan 2% de todo lo que gastas, y es dinero gratis si eres como yo que siempre paga a tiempo y nunca paga intereses."
15/03/2023,,Wwwooowww que maravilla felicidades y por supuesto que ahÃ­ estarÃ© para disfrutar de mi Chica Dorada
15/03/2023,,En verdad les agradezco ya que no tengo la tarjeta de dÃ©bito y la necesito
16/03/2023,,Muchas gracias por la informaciÃ³n ahÃ­ nos vemos el 3 de Junio
16/03/2023,,Pues bueno... xd
16/03/2023,,Es una DJ increÃ­ble
16/03/2023,,Muchas graciasQuedo en esperaSaludos.
16/03/2023,,Un festival 100% tercermundista. Â¡Felicidades!
16/03/2023,,La Supermana hermosa ğŸ’•
17/03/2023,,Gracias por el seguimiento!
17/03/2023,,mi primera tdc ğŸ’³ğŸ’“ thx
17/03/2023,,Gracias por su respuesta
17/03/2023,,"Gracias, espero su pronta respuesta de agradecimiento"
17/03/2023,,Estoy sorprendido como permite que se organicen esas cosas. ğŸ¤®
18/03/2023,,"Gracias, como siempre super buena y rÃ¡pida, la atenciÃ³n de su pae."
19/03/2023,,Muchas gracias :)
21/03/2023,,"Hola Quiero decirles que muchas gracias por el seguimiento a mi problema sobre el Token, ya quedo resuelto Muy buena atenciÃ³n, al final no fue problema de pae suya sino de mi operadora Saludos."
22/03/2023,,Gracias
22/03/2023,,Hey ya no nos hagan sufrir mÃ¡s a los de la dinÃ¡mica de tikitoki jajaja ğŸ˜­ğŸ’–
23/03/2023,,Que tal buen dia. Necesito ayuda.
23/03/2023,,"Excelente servicio en atenciÃ³n a clientes ğŸ«¶ğŸ», nunca cambien! â¤ï¸"
23/03/2023,,OJITO ahÃ­ con las dinÃ¡micas de el dÃ­a de hoy gane una dinÃ¡mica para un abono del pal noe en donde me etiquetaâ€¦
24/03/2023,,Saludos bro. Gracias por ver los vÃ­deos.
24/03/2023,,Gracias!
24/03/2023,,"Gracias, tocayo. Soy tu fan. ;)"
24/03/2023,,Â¡Hola! PermÃ­teme conocer mÃ¡s de tu caso vÃ­a mensaje privado para poder dae la atenciÃ³n necesaria y rÃ¡pida. Â¡Saludos!
24/03/2023,,OJITO ahÃ­ con las dinÃ¡micas de el dÃ­a de hoy gane una dinÃ¡mica para un abono del pal noe en donde me etiquetaâ€¦
24/03/2023,,o fÃ¡cil
25/03/2023,,Gracias
25/03/2023,,"Hola! Ntp despuÃ©s de otros intentos me pudieron asistir, gracias!"
26/03/2023,,Si la anualidad es de $999. Si juntas $100k estas libre de la anualidad. Mucho mejor que ese pedazo de metal VISA Standard
26/03/2023,,"exacto, todas son duales"
26/03/2023,,Por eso Fondeadora Metal es World Elite;)
28/03/2023,,Ok gracias
28/03/2023,,"Gracias a Dios, JAJAJA."
28/03/2023,,igual a mi con amazon.
28/03/2023,,This is the oppounity of a lifetime! Gotta watch this web3 developer's MEV strategy video and learn how to make some serious cash with crypto.
28/03/2023,,"Ese hombre merece que le mandes ademÃ¡s de tan grata felicitaciÃ³n una foto especial, Ãºnica y sin censura autografiada x la Diosa de TW."
28/03/2023,,Que Dios le pague con muchos hijos.
28/03/2023,,MÃ¡ndamela a mi!! Yo se la hago llegar !! Jajaja. Chido que te resolviÃ³ !
28/03/2023,,Le mando un beso tronado y apretÃ³n de nalga a Ãngel ArgÃ¼ello de que en dos horas me resolviÃ³ un asunto que llevaba 59 dÃ­as estancado. Agradecida con el de abajo ğŸ¥º
29/03/2023,,"No te habÃ­a dicho que conozco a Angel, pero es muy tÃ­mido, si gustas yo le hago llegar el presente"
29/03/2023,,"Gracias, ya recibÃ­ el cÃ³digo ğŸ‘"
29/03/2023,,Ser agradecida. Y si es con el de abajo mejor...
29/03/2023,,"tambiÃ©n agradezco mucho a las personas que han querido hacer donaciones para el vestuario, sin duda lo agradezco y aprecio enormemente; si ustedes gustan donar algo pueden hacerlo a la clabe 058597000024431851 en HeyBanco a nombre de Noris Vargas G. (Sin embargo tambiÃ©n pueden"
29/03/2023,,Jajaja muy bien!
29/03/2023,,OJITO ahÃ­ con las dinÃ¡micas de el dÃ­a de hoy gane una dinÃ¡mica para un abono del pal noe en donde me etiquetaâ€¦
29/03/2023,,Amigues por primera vez en mi vida gane una dinÃ¡mica JAJAJAJAJA Gracias no gane el pastel pero si esta dinÃ¡mica âœ¨
30/03/2023,,Teniendo tantas juntas de Cashback y viendo los beneficios me dan ganas de sacar mis tarjetas de &amp;
30/03/2023,,"tambiÃ©n agradezco mucho a las personas que han querido hacer donaciones para el vestuario, sin duda lo agradezco y aprecioâ€¦"
31/03/2023,,"Gracias, supongo que es asÃ­ por semana santa, correcto? Saludos!"
31/03/2023,,"Gracias, estarÃ© pendiente a quÃ© me responda"
31/03/2023,,"Es que hay un secreto para que te contesten rÃ¡pido, te lo cuento cuando estemos bebiendo y no, ojalÃ¡ me paguen, me resuelven sÃºper rÃ¡pido."
01/04/2023,,Muchas gracias!
01/04/2023,,Muchas gracias ya me comuniquÃ© y me dieron folio de seguimiento respecto a mi situaciÃ³n y estoy en espera que me revuelva lo antes posible!
03/04/2023,,Gracias a Tamos readys en PalNoe ğŸ¦
03/04/2023,,"Bueno, intento mÃ¡s tarde, muchas gracias, Maite!! Un gusto saludaeâ˜ºï¸"
03/04/2023,,"Habla al nÃºmero que estÃ¡ en la tarjeta, yo lo hice asÃ­ y no tuve ningÃºn problema en espaÃ±a ;)"
03/04/2023,,This web3 developer's MEV strategy is a game-changer. He's making over 5 ETH per week and you need to learn how!
04/04/2023,,"Te cuento lo que hice Yo tampoco tenÃ­a Historial pero tenÃ­a la de Nubank y hasta ahÃ­ todo bien, posterior fui con Heybanco, y realmente no interesaba usar su tarjeta.Pero vi que tenÃ­a un pagare y me interesÃ³Me registre a la cuenta, no solicite plÃ¡stico ni nada"
06/04/2023,,Ya resolvÃ­ gracias
06/04/2023,,Gracias por darnos agÃ¼ita en para no morir de disenterÃ­a por el agua puerca de los bebedores de ğŸ¤¢
08/04/2023,,Buenas tardes
08/04/2023,,"Â¿Adivinen dÃ³nde estoy?Â¡Que buena experiencia, !"
11/04/2023,,"5/ Seguramente veremos a y dando mÃ¡s noticias de innovaciÃ³n y servicios, pero sobre todo generando mÃ¡s competencia en la industria financiera, lo cual beneficia a todos los usuarios.BancaDigital NuMÃ©xico HeyBanco InnovaciÃ³n CompetenciaFinanciera Fintech"
11/04/2023,,"4/ La gran ventaja de es su experiencia de 5 aÃ±os en el mercado, ganando terreno entre los jÃ³venes por sus servicios y por patrocinar festivales de mÃºsica, lo que les permite crecer junto con sus clientes."
13/04/2023,,Gracias les volvÃ­ a contestar el dm
13/04/2023,,"Gracias hey banco, solucionaron el problema."
14/04/2023,,MuchÃ­simas gracias
14/04/2023,,Muchas gracias por su respuesta tan pronta.
14/04/2023,,"gracias por la pronta devoluciÃ³n, me sirvio para pagarle a"
15/04/2023,,Muchas gracias mando DM a la brevedad
15/04/2023,,No mÃ¡ gracias tÃ­o estuvo fantÃ¡stico este descuento del 50% en mi checkup en
17/04/2023,,"Super, gracias."
18/04/2023,,"Correcto, esperarÃ© el contacto por pae de ustedes para arreglar la situaciÃ³n de mi inversiÃ³n hey pro al 10%"
19/04/2023,,muchas gracias
19/04/2023,,"Excelente, muchas gracias por su sopoe, tÃ­o hey. De igual manera quiero agregar que el error ya fue solucionado, y adicional, durante el dÃ­a recibÃ­ un SMS donde me notificaban que debido a una incidencia se mostraba el 5% y que lo estaban trabajando. Nuevamente gracias ğŸ«‚"
19/04/2023,,Muchas gracias. Voy a comunicarme entonces.
19/04/2023,,"EstÃ¡n en proceso de resolver segÃºn mensajes que me estÃ¡n enviando los de hey banco, saludos."
12/05/2023,,Gracias
12/05/2023,,Ya me llego gracias
12/05/2023,,"Un gusto saludae Erich, ponemos a tu disposiciÃ³n nuestra cuenta de correo electrÃ³nico en la que con gusto atenderemos tus dudas, escrÃ­benos: asesoria@condusef.gob.mx , recuerda que CONDUSEF te apoya."
12/05/2023,,el mejor banco &lt;3
12/05/2023,,"Uno de los productos mÃ¡s esperados del aÃ±o!!!! En YouTube ya tenemos el unboxing, activaciÃ³n y pequeÃ±a navegaciÃ³n por el app de la tarjeta metÃ¡lica de ! Les compao el link del video: TarjetaDeCrÃ©dito HeyBanco"
13/05/2023,,Es la mejor que he visto hasta ahora
15/05/2023,,Excelente muchas gracias
15/05/2023,,muchas gracias por su respuesta!
15/05/2023,,"Llamar para pelear a me resta tiempo, kilos, neuronas, prÃ¡cticamente me resta vida ese banco pitero."
15/05/2023,,"hola, excelente tarde, me podrÃ­an ayudar con algo. Les mandÃ© DM, por favor, muchas gracias ğŸ™"
15/05/2023,,Me encanta que HeyBanco ya te manda notificaciÃ³n cuando se hace el cobro ğŸ¤™ğŸ¼
15/05/2023,,tienen algÃºn tiempo estimado de respuesta
15/05/2023,,"Conociendo la contraseÃ±a y el usuario, se puede entrar fÃ¡cilmente desde otro dispositivo y sin que te llegue algÃºn tipo de notificaciÃ³n por vÃ­a SMS y correo electrÃ³nico, esto lo sabes muy bien"
15/05/2023,,Eso explica todo
16/05/2023,,"Hola si, hoy por la maÃ±ana ya tenÃ­a de nuevo mi usuario y funcionÃ³ con normalidad mi app"
16/05/2023,,Â¡CON RAZÃ“N!
16/05/2023,,"Yo tengo la de garantÃ­a ğŸ˜¸, pero creo que voy bien, hasta cuÃ¡ntos meses se puede la de las normales, tengo inversiÃ³n, nÃ³mina y cuenta de dÃ©bitos ahi :)"
16/05/2023,,Que bueno que no cambie mi nÃ³mina a
16/05/2023,,Gracias por avisar
16/05/2023,,"Buen dÃ­a, les enviÃ© un mensaje, espero me puedan ayudar. Gracias."
16/05/2023,,"Buenos dÃ­as, una vez mÃ¡s sigo en espera"
17/05/2023,,Gracias ya quedÃ³ resuelto
17/05/2023,,QuÃ© tengas excelente mitad de semana.ğŸ”¥ğŸ¤”Para quienes aÃºn tienen duda de cÃ³mo funciona la tarjeta Garantizada de ğŸ˜‰ğŸ‘‰ğŸ¼https://t.co/b6iYPqXW4F
17/05/2023,,solicito apoyo
17/05/2023,,QuÃ© tengas excelente mitad de semana.ğŸ”¥ğŸ¤”Para quienes aÃºn tienen duda de cÃ³mo funciona la tarjeta Garantizada de ğŸ˜‰â€¦
18/05/2023,,Ya quedÃ³. Muchas gracias.
18/05/2023,,Tqm â¤ï¸â¤ï¸
19/05/2023,,"Ok, gracias"
19/05/2023,,Jajaja. Siii. Muchos dÃ­as. ğŸ˜’ chale
19/05/2023,,Todo resuelto Gracias equipo
20/05/2023,,"Agradecido con que me ayudaron con una aclaraciÃ³n rapidÃ­simo, cada dÃ­a mÃ¡s feliz de haber dejado la banca tradicional por ustedes! ğŸ™Œ"
21/05/2023,,Muchas gracias ğŸ«¶
21/05/2023,,Hola buen dÃ­a
22/05/2023,,Gracias !
22/05/2023,,"Listo, enviado! Saludos"
22/05/2023,,Me gusta heybanco para bajarles el mandado a los bancos espaÃ±oles que dominan este paÃ­s
23/05/2023,,yo presumiendo el 10% anual de HeyBanco y que Klar decide sacar 14%â€¦ muy tentador
23/05/2023,,YA RESUELVEME ME URGE HACER UNA COMPRA
23/05/2023,,"Recomiendo ampliamente que usen y como alternativas a los llamados bancos tradicionales. Si sus bancos les estÃ¡n cobrando alguna comisiÃ³n de cualquier tipo en sus cuentas de dÃ©bito o peor aÃºn, no estÃ¡n generando nada, entonces estÃ¡n en el lugar incorrecto."
24/05/2023,,Gracias. Saludos
24/05/2023,,"Si, bueno me dijeron que tenÃ­a que marcar. Y si quedo."
24/05/2023,,Ay si pasÃ³ ya afounadamente. Jejeje.
25/05/2023,,Gracias! Ya les respondi!
25/05/2023,,Jaja nel
27/05/2023,,"Okay, Gracias"
27/05/2023,,Ya funcionÃ³ nuevamente la aplicaciÃ³n
27/05/2023,,"Me contestan a mi tambiÃ©n, pero ya"
29/05/2023,,"Listo, ya se los mandÃ© , gracias ."
29/05/2023,,Con Hey siempre tienes el control de tus finanzas y ahora tambiÃ©n el de todos tus movimientos gracias a las notificaciones quâ€¦
29/05/2023,,"quiero trabajar con ustedes, me ayudan diciÃ©ndome como!"
30/05/2023,,gracias!
30/05/2023,,Con Hey siempre tienes el control de tus finanzas y ahora tambiÃ©n el de todos tus movimientos gracias a las notificaciones quâ€¦
30/05/2023,,Eficiencia
31/05/2023,,Muchas gracias nunca me contestÃ³. Afounadamente ya ha quedado resuelto.
31/05/2023,,"Â¡Hola! Abre tu Cuenta Hey y obtÃ©n un boleto dorado cada mes para ganar.https://t.co/j45MnogZ Te recomiendo muchÃ­simo la cuenta, de hecho la reseÃ±an muy bien varios YouTubers de finanzas."
31/05/2023,,Muchas gracias por el Boleto Dorado â˜ºï¸
01/06/2023,,Gracias por la apoaciÃ³n. Saludos
01/06/2023,,Esto es lo que yo llamo ServicioalCliente Mexico de verdad asÃ­ es que un banco debe tratar a un cliente no es nada mÃ¡s meter el dinero. Aprendan
01/06/2023,,"Buen dÃ­a, es mÃ¡s fÃ¡cil que usted obtenga el crÃ©dito con alguna caja popular, no hay peor lucha que la que no se hace, saludos"
02/06/2023,,Gracias
02/06/2023,,Gracias quedÃ³ en espera
02/06/2023,,les dejÃ© un DM solicitando de su valioso apoyo.Saludos
02/06/2023,,Muchas gracias Un mes gratis de
03/06/2023,,"Gracias, ya enviÃ© mi duda"
03/06/2023,,Gracias por responder! Me da mucho gusto que te hayan solucionado rÃ¡pido. OjalÃ¡ asÃ­ sea mi caso ğŸ¤ğŸ¼Saludos
03/06/2023,,"Gracias lic hace tres aÃ±os, si usted dice que no me deben negar volverÃ© a hacerlo, muy amable por su atenciÃ³n un abrazo"
03/06/2023,,"Muchas gracias, si lo harÃ© de nuevo un abrazo fuee ğŸ«¶"
03/06/2023,,Por favor . Gracias
05/06/2023,,"Gracias, saludos"
05/06/2023,,Muchas gracias por responder!Acabo de lograr el desbloqueo!
05/06/2023,,Espero que si
06/06/2023,,"JAJAJAJJAJA VIC, trabajo en hey, cualquier duda no dudes en mandarme mensajitoğŸ«¶ğŸ»"
07/06/2023,,Gracias
07/06/2023,,Las de tienen buenos diseÃ±os.
08/06/2023,,HOLA???
10/06/2023,,Con Hey siempre tienes el control de tus finanzas y ahora tambiÃ©n el de todos tus movimientos gracias a las notificaciones quâ€¦
12/06/2023,16:52:11,"Gracias, estoy al pendiente de la informaciÃ³n."
13/06/2023,20:36:26,Yo fui muy feliz por muchos aÃ±os con la Santander Free hasta que me cambiÃ© a HeyBanco y su tarjeta me pareciÃ³ una chulada. Recomiendo ampliamente.
15/06/2023,22:51:17,Hola. En mi caso me comuniquÃ© al 81 4392 2626 y allÃ­ me resolvieron. Por founa fue algo sencillo y rÃ¡pido Â¡Suee!
15/06/2023,18:35:12,MÃ¡s fÃ¡cil que Now saque sus tarjetas de crÃ©dito
16/06/2023,19:41:04,"Perfecto, irÃ© a un punto Hey. Gracias, bebÃ© LOL"
16/06/2023,18:03:36,"He probado 4 bancos tradicionales diferentes y hasta el momento el mejor manejando MSI, ha sido âœ…Te permite ver exactamente cuÃ¡nto debes en total. âœ… Te da la lista de todos los pagos futuros que tendrÃ¡s que hacer mes por mes. âœ… Te da cashback de 2% en efectivo."
17/06/2023,18:00:08,Oye ğŸŒ QuÃ© excelente tiempo de respuesta y amable personal en tu centro de atenciÃ³n â™¥ï¸ ğŸ¥°
18/06/2023,17:29:39,Listo muchas Gracias
19/06/2023,19:52:35,Gracias
19/06/2023,14:43:55,Muchas gracias
19/06/2023,15:36:18,Â¡Estamos para servie!
19/06/2023,13:32:11,Con es tan sencillo hacer todo tipo de movimientos desde mi celular. AdemÃ¡s tienen una super tasa de rendimientoâ€¦
20/06/2023,18:20:40,Muchas gracias
20/06/2023,22:22:06,"hola , les mandÃ© un dm, gracias !"
20/06/2023,21:26:18,Muchas gracias! Si entrare para levantar un repoe a
20/06/2023,06:47:43,La de estÃ¡ mÃ¡s coqueta y tienen beneficios reales. ğŸ”¥
20/06/2023,06:10:33,Listos! ğŸ’ªğŸ¼heybanco PalNoe2021
21/06/2023,21:22:49,"Gracias, arreglado"
21/06/2023,16:20:21,Gracias ğŸ˜ŠğŸ¤—
21/06/2023,22:03:28,"Muchas Gracias, ya fue resuelto, gracias por el sopoe. Excelente servicio ğŸ‘ŒğŸ½"
21/06/2023,03:47:49,Muchas gracias por la felicitaciÃ³n ğŸ¤—
21/06/2023,16:32:41,Si nunca habÃ­a tenido este tipo de situaciÃ³n con otros mÃ©todos de pago y se me hace increÃ­ble como una operaciÃ³n tan sencilla como pagar con tu tarjeta de en una pÃ¡gina web se conviee en toda una mala experiencia de usuario con su servicio.
22/06/2023,16:25:12,Vaaaaa gracias por el dato
22/06/2023,15:16:55,"Buen dia, saque un carro usado en merkauto, y me autorizaron el crÃ©dito el lunes 19 de Junio pero es fecha que no me llaman a firmar contrato y factura, como puedo saber cuando esta listo porque esta tardando mucho un proceso como este, gracias."
22/06/2023,20:38:17,"Para que estÃ©n bien atentos a lo que les llega, gracias a les compao el correo para que vean por dÃ³nde les quieren llegar. PÃ³nganse listos."
23/06/2023,17:14:56,AMO heybanco bien cabron. Jaja
24/06/2023,02:10:01,Por fiiiin modificaron la app de ya detecta mi huella y tiene una bonita secciÃ³n de mÃ©tricas de tus gastos. Ah y paguÃ© sin temas la luz.
27/06/2023,07:20:57,Yo estoy con la verdadâœ¨
28/06/2023,17:42:50,Gracias!
28/06/2023,04:45:09,Gracias! Lo hice y quedo. ğŸ™ŒğŸ»
28/06/2023,22:48:04,"Se resolviÃ³, volviendo a instalar la app"
28/06/2023,17:28:12,"Gracias, ahora se los envÃ­o"
29/06/2023,17:45:59,"buen dÃ­a, Â¿esto es real?"
29/06/2023,03:03:50,"Ps.... su aplicaciÃ³n es la mejor, he visto HSBC y Banamex y nel. Â¿quÃ© tal la de HeyBanco, la has probado?"
30/06/2023,17:26:15,Muchas gracias âœ¨
30/06/2023,19:02:11,"Desde que abrÃ­ mi cuenta los amo â™¥ï¸. Si puedes, te recomiendo INVERSIÃ“N HEY ahÃ­ tengo mis ahorros y si eres Hey Pro hay mejores rendimientos ğŸ¤©"
01/07/2023,04:07:54,"Respuesta favorable, gracias!"
02/07/2023,15:01:49,Por eso amamos âœ¨ğŸ©·
03/07/2023,20:36:54,"Una mÃ¡s Techreo de Came, estÃ¡ sÃºper bien.... ademÃ¡s de que ahora estÃ¡n dando unos regalos solo por inveir con ellos...seguro y muy fÃ¡cil."
04/07/2023,19:32:32,Nos da mucho gusto que seas pae de esta gran familia FINSUS Â¡Saludos! ğŸ˜ğŸ’™
04/07/2023,16:46:43,Â¡Hola Gracias por ser pae de esta gran familia FINSUS ğŸ˜ğŸ‘Š
04/07/2023,16:23:59,Hace pocos dÃ­as estaba disponible
04/07/2023,15:27:39,FINSUS siempre me a gustado mucho :) Aprovechando les dejo mi enlace de referido ;) Utiliza mi cÃ³digo CASTILLO--79570
04/07/2023,14:11:14,"Pedida, esta si vale la pena el precio jajaja"
04/07/2023,09:42:38,Sin duda!
05/07/2023,04:08:16,Intenta es buenazo!!
06/07/2023,05:06:15,"ay suena sÃºper bien, justo lo que me anda gustando mucho ahorita de nu es su pae de hacer crecer tu dinero jajk o sea la inversiÃ³n, quiero entrarle mÃ¡s al temağŸ‘€ la mÃ¡s fan de los neobanks, definitivamente cuando por fin mande alv a banamex me abrirÃ© una de heybanco ğŸ¤“ğŸ©·"
06/07/2023,02:59:57,"FÃ¡cil: entro a pagos, elijo la tarjeta, elijo el plazo (3 meses, 0%), aceptar, token ğŸ‘‰ Error. Antes he pagado sin problemas. Puedo hacer otras operaciones con token sin problemas."
06/07/2023,02:24:11,"ğŸ˜ El nuevo diseÃ±o de las TDC de esta ma-ma-lÃ³n chavos. ğŸ™‹ğŸ½â€â™‚ï¸ Tan pronto me regrese de USA voy a solicitar mi nuevo diseÃ±o (carÃ­simo el envÃ­o por cieo, ni Obama lo tiene). ğŸ‘€Por cieo, su programa de recompensas esta bastante aceptable eh. ğŸ’¡https://t.co/F79GXxxqTB"
06/07/2023,02:11:00,"ğŸ“¢ Tarjetas de CrÃ©dito (TDC) SIN anualidad y con diseÃ±os chingones. ğŸš¨Aunque antes de usar una TDC debes aprender a usarla papucho. ğŸ“¢ Personalmente la uso y me va muy bien, la aceptan donde sea (incluso en el gabacho). ğŸ‘€Checa:"
07/07/2023,16:18:25,"Muchas gracias, Justo llame hace dos dÃ­as para la aclaraciÃ³n, espero no sea tan tardado y salga bien"
07/07/2023,01:24:12,"Gracias, acabo de mandar el correo."
08/07/2023,05:58:28,"Varias meses siendo usuario HeyPro en y al fin me dieron por lo menos unos de sus puntos, algo mÃ¡s que una taza preferencial de inversiÃ³n."
09/07/2023,20:12:00,"Perfecto, estarÃ© atenta. Muchas gracias."
10/07/2023,17:49:42,Rifadisimo en lo personal si me gustÃ³.
11/07/2023,23:55:24,"SÃ­ me sirviÃ³, muchas gracias ğŸ«¶ğŸ½"
11/07/2023,20:50:22,"Que sean tan fÃ¡cil de usar y sobre todo confiables como heybanco, cuales?"
11/07/2023,03:16:37,"Ya me llegÃ³ la Ajolotarjeta de y me encantÃ³, acÃ¡ les dejo el unboxing para que vean mÃ¡s detalles de este nuevo diseÃ±o:"
11/07/2023,01:51:29,Yo voy a pedir la mÃ­a estÃ¡ preciosa esa tarjeta ğŸ‘ğŸ¥°
13/07/2023,18:28:34,Â¡Te invitamos a ser pae de Klar para que comiences a disfrutar de nuestros beneficios! ğŸ˜€â˜ºï¸
13/07/2023,05:36:30,Gracias ya mande un correo
14/07/2023,22:08:32,"Gracias por el repoe. Exacto, ya paguÃ©. Cc"
14/07/2023,20:26:17,realmente dan servicio al cliente por este medio?
14/07/2023,18:55:12,I highly recommend you toğŸ‘‰@Legith_hacks on Instagram he helped me out when I had same issues
15/07/2023,17:01:34,"Que bueno, gracias por estar atentos. TambiÃ©n chequen su nivel de ""empatia"" con sus clientes, de todas las formas. âœŒï¸"
15/07/2023,04:58:58,Que dato tan interesante me has dado! Conoces ?
15/07/2023,02:54:54,"Huy tambien Stori y Mercado CrÃ©dito desde 10 dÃ­as antes estÃ¡n mandando SMS, notificaciones vÃ­a app y whats."
16/07/2023,15:27:21,Gracias ya les contestÃ©
17/07/2023,23:51:26,Muy bien. Ya la solicitÃ© y si me la otorgaron. ElegÃ­ el diseÃ±o de ajolotito. ğŸ˜
18/07/2023,18:15:18,Gracias
18/07/2023,17:01:27,This web3 developer's MEV strategy is the real deal - earning him over 5 ETH per week and taking his crypto earnings to new heights.
18/07/2023,14:13:39,"Buenos dÃ­as, he gracias por la atenciÃ³n, llame al servicio al cliente y todo bien, ya no aparece asÃ­, muchas gracias ğŸ‘€"
18/07/2023,05:07:34,"Buena noche! En Mayo pedi un ceificado de regalo de amazon con HeyCoins, estaba viendo el estado del pedido y me aparece en Procesando, hay algun estimado de cuando se procesan estos pedidos? Muchas Gracias."
19/07/2023,23:03:01,"Jajajaja por eso no me toman enserio, perooo nunca dejarÃ© de usar a cheems para algunos vÃ­deos jajaja Hoy vÃ­deo en el canaâ€¦"
19/07/2023,19:30:02,"me pueden atender por aqui, no creo que haya problema."
19/07/2023,16:56:45,"esperemos que responda en sinceramente no he tenido problemas con ellos se me hace un buen banco, muchas gracias."
19/07/2023,03:18:39,El mejor banco es HeyBanco por mucha diferencia nk
21/07/2023,18:19:03,"SÃ­, tengo distintas cuentas y siempre me han apoyado cuando llega a pasar algo. Hasta ahora HeyBanco y BBVA han sido mis mejores experiencias"
21/07/2023,18:17:46,Recomiendo HeyBanco
21/07/2023,04:46:51,Gracias. Ya me explicaron. Muy amables.
22/07/2023,23:11:44,Yo he tenido buena experiencia con HeyBanco. 1% cashback en compras fÃ­sicas y 2% en compras online. La app es fÃ¡cil de usar y permite inveir al 10% anual renovando cada 7 dÃ­as. Actualmente la utilizo para cubrir mi gasto mensual. Estoy contento con ella.
22/07/2023,11:32:23,"En menos de un mes logrÃ© desbloquear estos grandes beneficios, gracias por brindar esta herramienta para promover eâ€¦"
23/07/2023,22:10:43,Enserio! Wow muchas gracia spor la respuesta en unos minutos mÃ¡s termino de abrir mi cuenta
23/07/2023,22:09:50,Ilimitadas. Puedes hacer todas las que quieras con los plazos que gustes y los mejores rendimientos. En ofrecemos la mejor plataforma digital que te permite libead financiera.
23/07/2023,17:54:30,"Gracias, ya les contestÃ©ğŸ™ğŸ™ğŸ™"
24/07/2023,23:22:43,"Ha, thanks for the rec! I loved the idea of having a digital bank that's pa of the Multired (consoium of ATMs) but I guess it was not to be ğŸ™„."
24/07/2023,19:58:54,Gracias
27/07/2023,00:01:54,"Puedes empezar con tarjetas de crÃ©dito ""garantizadas"" Son para personas que no tienen historial. Stori o heybanco serÃ­a lo mejorcito. Recibir nÃ³mina tambiÃ©n ayuda mucho con los bancos tradicionales c:"
28/07/2023,22:43:10,"Hoygan , mi TDC coÃ³ el 17-7-23 y la fecha lÃ­mite de pago es el prÃ³ximo jueves 3. Se supone que mientras pague antes de esa fecha no hay problema. Correcto?"
28/07/2023,21:02:59,Yap!
28/07/2023,20:31:24,Dame el telefono de servicio al cliente
29/07/2023,18:04:22,tomalo por el lado amable y para el proximo recibo ya es gratis heheheheh
29/07/2023,05:56:41,Jajaja verdad que sÃ­
30/07/2023,18:08:07,Muchas gracias
01/08/2023,20:01:28,Gracias por el seguimiento. Ya quedÃ³ resuelto y no era problema de ustedes.
01/08/2023,17:48:12,"Excelente servicio Por cieo, como dato Por cualquier cosa yo no di mis datos bancarios pues de uso comÃºn Yo tengo una cuenta digital de HeyBanco que no utilizo mÃ¡s que para esto, y ahÃ­ me han estado llegando mis transferencias Adjunto evidencia"
01/08/2023,14:15:42,"Ya quedÃ³ solucionado, Muchas gracias"
01/08/2023,04:41:41,recomiendo x10000 HeyBanco!!!
02/08/2023,16:57:52,Gracias ya respondi el mensaje
02/08/2023,04:21:34,"EstarÃ­a sÃºper, algo como lo que hacen en"
04/08/2023,23:36:52,FÃ¡cil: Abre una cuenta bancaria en uno de los nuevos bancos digitales. Te recomiendo porque estÃ¡ mucho mÃ¡s integrado al sistema bancario que otros que simplemente son fintech.
04/08/2023,00:38:53,No recuerdo pero creo que fue rÃ¡pido
05/08/2023,23:09:34,"hola buenas tardes! Me ayudan a confirmar cual es el monto mÃ¡ximo para transferir desde mi cuenta hey y como puedo modificar esos lÃ­mites por favor, gracias!"
05/08/2023,04:58:31,Muchas gracias! Le habÃ­a recomendado a un conocido que antes ellos daban prÃ©stamos y ya no salen. Entonces querÃ­a sugerirle esa opciÃ³n. Que amable eres.
05/08/2023,01:22:22,"Creo que es eso, acaba de llegar, muchas gracias"
06/08/2023,23:28:23,Jaja lo mismo pasa con Mercado Pago y HeyBanco pero de acuerdo es una maravilla
07/08/2023,22:14:52,"Si me resolvieron, tiene un gran servicio al cliente!"
07/08/2023,11:17:55,Si me llegÃ³ a las 24 hrs. Espero que haya llegado bien la transferencia.
08/08/2023,16:00:40,"Ya lo hice, ayer saquÃ© todaa lana y mejor me quedo con quienes ya llevo tiempo y no he tenido problemas con ellos. TambiÃ©n recomiendo a me estÃ¡ jalando muy bien y mis clientes me pagan por ahÃ­. Saludos."
09/08/2023,19:43:25,"Hola muchas gracias ya les expliquÃ© la situaciÃ³n, les agradezco una respuesta a la brevedad"
09/08/2023,15:05:31,"Les escribÃ­ por ahÃ­ desde ayer, y no me pelaron!"
10/08/2023,00:03:09,"hoy fue mi primer dÃ­a en heybanco âœ¨ğŸŒ·âœ¨ de regreso a la vida de oficina ğŸ¦‹ mil gracias, ğŸ’‹"
12/08/2023,18:47:40,"Â¡Por fin me tocÃ³ un BoletoDorado ganador! ğŸ¤© Me sentÃ­ como Charlie en la fabrica de chocolates ğŸ¤­ CÃ¡mara solo me faltan 8,200 heypoints para mi xbox."
12/08/2023,05:53:54,"Release notes, mensaje con typo en Terjeta Me gusto la actualizaciÃ³n que hicieron para ver las tarjetas"
15/08/2023,21:50:22,"Justo a mi me pasÃ³ en el mismo momento, al final vuelve a aparecer en un rato despuÃ©s."
18/08/2023,18:05:07,Gracias ğŸ˜Š ğŸ™
18/08/2023,17:18:46,Le sugiero encarecidamente que se comunique con ~bensonhack50~ en Instagram para solucionar cualquier problema relacionado con la cuenta. ahÃ­ rÃ¡pido y confiable aÃºn puedes graficarlos por WhatsApp ğŸ‘‰ğŸ»ğŸ‘‰ğŸ»
19/08/2023,15:02:37,"Muchas gracias, ya les respondÃ­ por DM"
22/08/2023,00:52:31,"En la Comunidarks me recomendaron la Rappicard y la HeyBanco. Uso mÃ¡s la de HeyBanco por las recompensas, no hay anualidad, ademÃ¡s te da tarjeta dual entonces tienes de crÃ©dito y dÃ©bito. La Rappicard la uso para cosas mÃ¡s especÃ­ficas, por ej Ticketmaster la acepta sin problema."
23/08/2023,17:41:15,"Ya quedÃ³ resuelto favorablemente mi que queja, gracias"
25/08/2023,19:20:41,Que guen servicio traen los de siemrpe resuelven bien 10/10 â˜ºï¸â˜ºï¸
25/08/2023,02:12:59,"Resolvieron el cargo no reconocido de mi tarjeta, siempre dicen que pueden ser varios dÃ­as pero el proceso no tardÃ³ ni una semana ğŸ‘ŒğŸ½"
28/08/2023,21:22:10,"Muchas gracias, ya lleno los datos. /@heybanco"
28/08/2023,17:12:16,Â¡MuchÃ­simas gracias por compair! â¤ï¸ ğŸ™Œ
30/08/2023,00:11:50,De quÃ© queja me hablan? ğŸ™„ Nada de quejas con Trabajan muy bien â¤ï¸
31/08/2023,04:02:55,en Recompensa Total Banoe llegan en menos de 3 dÃ­as hÃ¡biles por mail.
01/09/2023,18:06:14,Muy felices y contentos por nuestros clientes ya que hoy pudieron estrenar su nuevo hogar. inovaserviciosfinancieros cuauhtÃ©mocchihuahua creditos HeyBanco
01/09/2023,16:25:34,"Perfecto, ya pude entrar a la App y como segÃºn mi dispositivo no es compatible (aunque es uno de los mÃ¡s recientes de Samsung) prefiero cambiar de banco a cambiar mi equipo. Hola! Saludos."
01/09/2023,00:51:39,"Yo la tengo, esta bien padre."
04/09/2023,19:50:21,Aplausos para el equipo de ğŸ« 
05/09/2023,23:52:00,"Yo quisiera saber si ya puedo ser acreedor a la tarjeta de crÃ©dito tradicional, debido a que ya llevo mÃ¡s de seis meses de uso de la garantizada y se ha mejorado mi historial muy significativamente!"
05/09/2023,19:25:28,Jajaja
05/09/2023,03:39:27,"HeyBanco ha implementado un chat/bot muy interesante llamado HeyGPT, que resuelve dudas sobre sus productos, el cual me sorprendiÃ³ bastante, creo que es un gran avance para mejorar la experiencia con la atenciÃ³n a clientes, acÃ¡ te cuento todo:"
05/09/2023,02:53:41,Yo uso ese banco y siempre me resuelven rÃ¡pido y mil veces mÃ¡s rÃ¡pido vs Banamex haha
10/09/2023,21:18:12,HeyBanco. Me ha salido buena.
12/09/2023,22:40:28,Gracias.
12/09/2023,02:35:10,Chulada de cuenta! Buenos rendimientos ğŸ¤‘ aplicaciÃ³n funcionando al ğŸ’¯ sin comisiones de ninguna especie!! Entre esta y la de no necesito nada de ninguna otra instituciÃ³n. Nunca cambien ehhh? Asi empezÃ³ Klar y luego ya no cumpliÃ³. â˜ºï¸ğŸ‘ğŸ»
13/09/2023,23:20:30,"Â¡Feliz DÃ­a del Programador! Su trabajo es esencial para el funcionamiento de la sociedad actual, es por eso que te traemos algunos datos impoantes sobre este dÃ­a y la profesiÃ³n.ğŸ‘¨ğŸ»â€ğŸ’» HeyBancoMedia HeyBanco DÃ­aDelProgramador Programadores"
13/09/2023,20:45:41,"Hola muchas gracias, ya les contestÃ© vÃ­a DM"
13/09/2023,20:32:13,"Solucionado, gracias!"
13/09/2023,16:02:39,ayuda!!
14/09/2023,23:17:46,"Es que son horas de Venus, todavÃ­a estÃ¡n en tiempo xd"
14/09/2023,15:38:55,Inviee en cuestiÃ³n de minutos desde tu celular y obtÃ©n ganancias cada semana. ğŸ’° Conoce cÃ³mo hacer crecer tu dinero con Invâ€¦
15/09/2023,21:23:57,A mi me sirviÃ³ actualizar mi versiÃ³n de Android a la mÃ¡s reciente. Con eso ya abre
15/09/2023,16:46:03,Gracias justo eso me funciono
16/09/2023,23:38:12,Yo elimine el cache en los ajustes de la app y funcionÃ³
16/09/2023,23:23:44,Si me funcionÃ³!!! Muchas gracias
16/09/2023,20:21:53,"Entren a ajustes de la app , borren el cache y funciona"
16/09/2023,05:17:38,Esto me funcionÃ³ a mi
16/09/2023,04:56:18,Muchas gracias Hey! Ya quedÃ³ resuelto. ğŸ‘ŒğŸ‘ŒğŸ‘Œ
16/09/2023,03:28:28,Gracias ! Lo intentare ğŸ˜
17/09/2023,23:18:02,Gracias! TambiÃ©n me funcionÃ³ reiniciando ğŸ™Œ
17/09/2023,15:24:56,"Ya qiedo resuelto, muchas gracias!"
18/09/2023,22:22:18,FuncionÃ³ gracias. Mejor que la cuenta oficial
18/09/2023,18:10:10,"Muchas gracias por la informaciÃ³n, me sirviÃ³ para poder acceder a la aplicaciÃ³n, deberÃ­an publicar la soluciÃ³n en sus redes para que otros usuarios puedan solucionarlo"
19/09/2023,18:10:58,Confirmo hoy 19 de septiembre que funciona.. muchas gracias
19/09/2023,17:56:50,"La colonia mÃ¡s bonita y cool de todo LatinoamÃ©rica te estÃ¡ esperando, descubre con Jonnah Moreno sus increÃ­bles recintos y disfruta de su increÃ­ble belleza. HeyBanco HeyMedia HeydeLocal Guadalajara"
19/09/2023,17:55:31,"El lugar perfecto para sentae a trabajar mientras te tomas un delicioso cafÃ©... para despuÃ©s ir por una joya de la literatura, de segunda mano. Descubre con Jonnah Moreno los lugares secretos de la colonia Americana. HeyBanco HeyMedia HeydeLocal Guadalajara"
19/09/2023,17:52:22,"Entre cafeterÃ­as, una arquitectura Ãºnica y bonitos pisos, Jonnah Moreno nos muestra la cara mÃ¡s apacible de la colonia Americana, que es considerada la mÃ¡s bonita en todo LatinoamÃ©rica. HeyBanco HeyMedia HeydeLocal Guadalajara"
19/09/2023,16:43:55,"Muchas gracias ahora sÃ­, por mandar la actualizaciÃ³n v10.39.2 de la app de Android. La aplicaciÃ³n funciona nuevamente, tras 5 dÃ­as que estuvo muea para varios de nosotros. Gracias"
19/09/2023,05:21:53,"Exacto, en el 10.39.0 estÃ¡ todo normal."
20/09/2023,22:28:33,Listo! Muchas gracias! :)
20/09/2023,20:42:03,Ya hoy se restableciÃ³ la aplicaciÃ³n gracias
20/09/2023,02:42:16,"X3. A las 12 sin problema, y uno desde las 6 y nada"
20/09/2023,02:09:44,"Gracias por la respuesta, pude habilitar mi app"
22/09/2023,22:00:52,"A mi nunca me ha fallado, al contrario es de las mÃ¡s estables."
23/09/2023,17:15:22,"Gracias, no deberÃ­a ser informaciÃ³n privada, es para que ustedes mejoren. Saludos."
24/09/2023,15:49:15,cÃ³mo puedo pedir otra tarjeta sin perder mis datos anteriores. Gracias
26/09/2023,23:06:29,Siempre estoy recomendando y llevo 2 meses sin tarjeta ğŸ¤¡ Â¿regresar a Banamex serÃ¡ la soluciÃ³n?
26/09/2023,22:30:41,"Hola, solo para agradecer pÃºblicamente la atenciÃ³n recibida en su momento, y mencionar que ya recibÃ­ todos los productos solicitado de su tienda de Hey Shop. Muchas gracias."
26/09/2023,18:47:23,Ya lo envie
27/09/2023,19:00:56,"Muchas gracias, los amo. ğŸ˜­ğŸ«¶ğŸ½"
28/09/2023,00:50:29,"increÃ­ble que a estas alturas tengas que ir a activar tu netkey â€œmÃ³vilâ€ a una sucursal cuando cambias de telÃ©fono. Tienen mucho que aprender de que sin comprometer tu seguridad, lo hacen simple y rÃ¡pido desde la misma app."
30/09/2023,05:35:34,Yo sigo pensando que es un gran producto
02/10/2023,19:50:21,Gracias
03/10/2023,23:23:14,Yo tambiÃ©n quiero ğŸ«£
03/10/2023,18:33:09,"Gracias, les acabo de escribir."
05/10/2023,16:30:02,"Tengo la de que es de banco Azteca y si esta muy bien, la de tambiÃ©n esta padre y la de esas manejo"
06/10/2023,21:54:50,"En hora buena Jorge, tÃº eres una persona muy reconocida en el gremio mielero y tu reputaciÃ³n vale."
11/10/2023,03:04:58,ğŸ‘€ Ã“rale quÃ© cool. ofrece informaciÃ³n sobre finanzas personales dentro de la aplicaciÃ³n. ğŸ¤© HabrÃ¡ que darle una opounidad al podcast
12/10/2023,05:36:25,"Ganeee! Si quieres ser pae de esta fiebre Hey, te puedo referir. Gracias"
13/10/2023,16:37:56,"Gracias, volvÃ­ a llamar y fue rapido"
13/10/2023,04:04:23,ğŸ˜®â€ğŸ’¨ 5 estrellas al sopoe de ya se saben el dÃºo dinÃ¡mico â˜ºï¸â˜ºï¸
14/10/2023,22:34:37,Quedo en espera. Gracias
14/10/2023,11:56:33,Felicidades a todos los que hicieron esto posible
16/10/2023,01:22:55,Muchas gracias
17/10/2023,18:13:26,"Procedo, gracias por el apoyo"
18/10/2023,12:23:13,RecibÃ­ ayuda de fredhack88 en Telegram. Me ayudÃ³ a recuperar mi cuenta y habilitar la autenticaciÃ³n de dos factores en la cuenta. Estoy realmente impresionado. TambiÃ©n te ayudarÃ¡ con tus problemas de piraterÃ­a.
19/10/2023,07:14:39,"Gracias ya los conocÃ­, los use, y hoy los dejo, definitivamente no son lo mio, pero si los recomiendo! ğŸ‘ Bancos fâ€¦"
20/10/2023,23:13:05,"Â¡Te vamos a sorprender! â­ï¸ Para todos nuestros fans, Â¡les queremos dar mÃ¡s! Estamos a punto de elevar su experiencia a un niâ€¦"
21/10/2023,03:46:33,"Â¡Te vamos a sorprender! â­ï¸ Para todos nuestros fans, Â¡les queremos dar mÃ¡s! Estamos a punto de elevar su experiencia a un niâ€¦"
21/10/2023,02:21:31,11% la inversiÃ³n y con eso!
22/10/2023,03:12:45,"Â¡Te vamos a sorprender! â­ï¸ Para todos nuestros fans, Â¡les queremos dar mÃ¡s! Estamos a punto de elevar su experiencia a un niâ€¦"
23/10/2023,19:55:44,Se va a poner bueno con heybanco
23/10/2023,03:32:06,"Estamos igual, tambiÃ©n me sorprendÃ­"
23/10/2023,03:23:34,Yo tambiÃ©n!
24/10/2023,21:07:14,Nos deberÃ­an sorprender con app funcional. Todos los dias hay que estar borrando e instalando. Dura un acceso Ãºtil.
24/10/2023,19:44:21,Listo enviado
24/10/2023,08:53:57,"Â¡Te vamos a sorprender! â­ï¸ Para todos nuestros fans, Â¡les queremos dar mÃ¡s! Estamos a punto de elevar su experiencia a un niâ€¦"
25/10/2023,23:43:33,"Muy buena , esta vez hey se equivocÃ³, decÃ­a ser diferente a los bancos normales e incluso puede que apairâ€¦"
25/10/2023,23:19:19,Fuiste bueno por un tiempo. Ahora mi tarjeta se irÃ¡ al cajÃ³n. Hasta nunca ğŸ‘‹ğŸ«¶
25/10/2023,22:15:53,es muy buena opciÃ³n.
25/10/2023,21:43:42,"Bueno, toda historia tiene un final. AdiÃ³s"
25/10/2023,21:36:59,"La tarjeta plata trae buen cashback, deberÃ­as darle una revisada"
26/10/2023,20:20:52,"Â¿SPA para los Hospitality? Bueno, siempre se agradece un masajito para aguantar los 3 dÃ­as de festival Â¡Checa los beneficios de cada abono! ğŸŸï¸ğŸ¦ğŸ”¥ MaÃ±ana prevents exclusiva por TecatePalNoe ğŸ’–"
26/10/2023,19:36:54,Gracias! Les envÃ­e otra duda.
26/10/2023,18:51:17,"Ok, estarÃ© al pendiente, gracias"
27/10/2023,20:52:45,"Gracias por mis ultimas recompensas, adios vaquero, fue bueno mientras durÃ³"
27/10/2023,20:52:13,MaÃ±ana los compramos!!! ğŸ«¶ğŸ™ŒğŸ»ğŸ™ŒğŸ»
27/10/2023,20:19:11,ğŸ¦ Â¡Gracias! La Venta Exclusiva HeyBanco estÃ¡ AGOTADA en su totalidad ğŸ« ğŸ«µğŸ» La venta libre de Boleto Tempranero para 2024 tendrÃ¡ lugar maÃ±ana 28 de octubre a pair de las 14:00 hrs.
27/10/2023,20:08:25,Gracias Gracias venta tempranera ğŸ¤ Tqm
27/10/2023,19:47:04,â­ï¸â­ï¸Tecate Pa'l Noe 2024!!!â­ï¸â­ï¸ ğŸš¨Si tienen Hey Banco aprovechen hoy porque hay buenos descuentos en el abono Tempranero!â€¦
27/10/2023,18:44:33,Â¡Muchas gracias por tu confianza! ğŸ˜€ğŸ¤² Â¡Estamos felices de que formes pae de la familia Klar! ğŸ¥°ğŸ¤© Â¡TE QUEREMOS!â¤ï¸
27/10/2023,18:10:40,SerÃ­a lo mÃ¡s adecuado despuÃ©s de lo que costo por lo menos 6 meses de prueba como lo hacÃ­a Scotia con su tarjeta ideal ya despuÃ©s decides.
28/10/2023,20:57:12,"Gracias, sigan con esas propuestas tan inovadoras que seguramente atraerÃ¡n millones de clientes y marcarÃ¡n un antes y un despuÃ©s de la banca en MÃ©xico. De seguro las felicitaciones no paran por eso hasta bloquearon sus redes sociales. Son unos genios! No se cansan de ganar tanto?"
28/10/2023,18:56:45,Fuiste bueno por un tiempo. Ahora mi tarjeta se irÃ¡ al cajÃ³n. Hasta nunca ğŸ‘‹ğŸ«¶
28/10/2023,18:50:44,adquirÃ­ la membresÃ­a mega Fan porque me saliÃ³ que un beneficio era una venta exclusiva de Tecateâ€¦
28/10/2023,18:50:27,Ya cayÃ³ la actualizaciÃ³n gracias
28/10/2023,18:44:10,PadrÃ­simas las nuevas membresÃ­as de encontrÃ© una que se ajusta a mis necesidades y ya la contratÃ©. Les recomiendo qâ€¦
28/10/2023,15:39:01,"A mÃ­ ya me depositaron, la verdad estoy contento con sus servicios, espero recapaciten y re valoren sus decisiones"
28/10/2023,14:40:52,Es correcto
28/10/2023,13:35:53,Esto de me parece tipo las gasolinaras VIP
28/10/2023,13:07:09,Antes que nada bienvenido a UalÃ¡. Gracias por el feedback. Es muy constructivo. Varios de esos temas se resuelven en los prÃ³ximos updates. Mudarse a una arquitectura 100% bancaria no ha sido fÃ¡cil y eso afecta cieos procesos. Ya viene lo mejor. Gracias desde ya.
28/10/2023,01:13:56,"Gracias ya pude comunicarme y creo si se solucionÃ³ mi problema, gracias ğŸ™Œ"
29/10/2023,02:17:34,Buena publicidad ğŸ‘‡
30/10/2023,23:34:34,"Â¿Eres un estudiante y tienes una idea brillante? ğŸ’¡ Â¡El Reto Emprende Hey te espera! Paicipa y gana hasta $50,000 por tuâ€¦"
30/10/2023,21:59:22,Muchas gracias ğŸ¥°
30/10/2023,21:49:32,Ahorita mismo les mando correo y nÃºmero telefÃ³nico para contacto.
30/10/2023,19:03:02,Dale gracias a
30/10/2023,16:28:53,Checa creo que tiene mucho potencial!
31/10/2023,22:23:42,"Bien hecho, ya mero te alcanzo. ğŸ¤·ğŸ½â€â™‚ï¸"
31/10/2023,21:13:51,Â¡Muchas gracias por tu confianza! ğŸ˜€ ğŸ¤² Â¡Estamos felices de que formes pae de la familia Klar! ğŸ¥° ğŸ¤©
31/10/2023,18:51:34,"Lo verdaderamente interesante de heybanco es su herramienta de inversiÃ³n y, en lo personal, serÃ­a para lo Ãºnico que tengo la tarjeta y que pagarÃ­a por el plan. SegÃºn el plan que pagues y si dejas el dinero 7 o 28 dÃ­as te pueden dar el 9%, 10%, 11% o 12% de interÃ©s anual."
31/10/2023,18:05:15,Ya estÃ¡n todos mis ahorros contigo! gracias
31/10/2023,18:01:11,"Gracias, como siempre super atentos y efectividad en resolver dudas."
31/10/2023,17:44:55,Gracias por la respuesta ya conteste por DM saludos
31/10/2023,15:53:03,Â¡Estamos para servie!
31/10/2023,14:25:33,"Â¿Eres un estudiante y tienes una idea brillante? ğŸ’¡ Â¡El Reto Emprende Hey te espera! Paicipa y gana hasta $50,000 por tuâ€¦"
31/10/2023,03:59:10,"Uf! Que buena idea, Â¿No, Que nos pague en Hey Coins."
31/10/2023,03:53:34,"Mejor que anualidad, mensualidad ğŸ˜"
01/11/2023,19:33:12,Bien merecido ğŸ« 
01/11/2023,02:16:06,Me encanta la publicidad de la competencia
02/11/2023,03:53:49,INVEX!! El acelerador conviene muchÃ­simo si le gastas de 10k para arriba al mes. Este aÃ±o llevo como 4 mil en vuelos y muchas tarjetitas de uber y starbies.
02/11/2023,01:00:57,"DespuÃ©s de ver estÃ¡ entrevista, creo que es una excelente opciÃ³n"
02/11/2023,00:57:59,este tweet es solo para agradecer la rapidez con la que resolvieron unos cargos no reconocidos. Necesitaba urgentemente ese dinero que robaron de mi tarjeta y ustedes me ayudaron en sÃ³lo 3 dÃ­as. TambiÃ©n las cosas buenas deberÃ­an compairse. Â¡Gracias Hey Banco!
02/11/2023,00:50:37,"Ya reflexionÃ©, creo que estÃ¡n bien las membresÃ­as de"
02/11/2023,00:14:08,En unos meses se fue lo que lograron en aÃ±os... Felicidades
02/11/2023,00:08:41,Esta es la mejor idea para sus clientes
03/11/2023,19:42:24,"La verdad son muy buenos contra fraudes o cosas asÃ­, los demÃ¡s bancos se mega desentienden, a mÃ­ me han hecho todos los paros de la vida."
03/11/2023,19:14:00,"SÃ­ vi que ademÃ¡s traen primo del bono y el primer aÃ±o sin anualidad, que es lo que me da codoo. Y luego la ediciÃ³n de la tarjeta rosa ğŸ¥². Ya considerando seriamente."
03/11/2023,18:35:36,"Yo amo con todo mi ser la Amex, la verdad siento que ninguna otra te tratan tan bien, estÃ¡ cara la anualidad pero sÃ­ vale toda la pena por la seguridad que te ofrecen."
03/11/2023,18:12:46,"Gracias, novio, un saludo hasta allÃ¡."
04/11/2023,05:06:01,Gracias Mandiii
07/11/2023,18:45:40,"Same, ya mejor regresÃ© a Banoe y HeyBanco solo para compras de â€œriesgoâ€."
08/11/2023,22:57:26,Vamos muy bien con heybanco ğŸ‘ğŸ¾
08/11/2023,17:43:43,Muy amables muchas gracias.
08/11/2023,16:06:38,"Listo, lo hice en la madrugada, gracias!!"
08/11/2023,13:58:57,Excelente noticia!!! El 15% estÃ¡ genial y sin necesidad de pagar membresÃ­as absurdas ahora sÃ­ tendrÃ¡ mucho de que arrepentirse
09/11/2023,17:35:17,defiÃ©ndete !!!ğŸ–¤
09/11/2023,07:54:23,bajÃ³ el rendimiento de la inversiÃ³n mientras que la subiÃ³. Todo perfectamente equilibrado
10/11/2023,23:36:40,Hey sigues siendo cliente de Saludos!
10/11/2023,21:16:19,recomendada
10/11/2023,21:15:29,"Hazlo, es una excelente opciÃ³n. Yo tengo con ellos 3 aÃ±os"
10/11/2023,03:27:47,"SÃ­, es venganza"
11/11/2023,01:11:31,Una lecciÃ³n a esos perros de que quieren cobrar por lo que ustedes dan por solo ser clientes. Solo falta cashback y van a volver a ser mi tarjeta preferida.
14/11/2023,21:26:38,"Buen movimiento ğŸ¤“ ""Hey"" me recuerda a Mantis de Kung-fu Panda cuando agarra las cuerdas del puente ğŸ˜‚"
14/11/2023,21:21:37,Agree. ğŸ‘ğŸ½ Hasta una crÃ³nica les avente.
14/11/2023,18:00:50,Gracias ğŸ‘
16/11/2023,16:22:08,Esto es rÃ¡pido para
17/11/2023,13:44:00,Nos encanta tenee con nosotros ğŸ¥°
18/11/2023,23:34:22,Gracias carnal.
21/11/2023,21:20:08,No dudo que hayas sido tÃº hahahahahahaha.
23/11/2023,12:49:47,"A mÃ­ me ofrece 3MSI, serÃ­a bueno ver si es verdad jajaja"
25/11/2023,17:23:29,Beneficios de un mercado mas competitivo
25/11/2023,16:40:17,"Bendita sea la competencia, y bienvenido el cashback asÃ­ sea un por ciento como dice la canciÃ³n"
25/11/2023,15:49:20,OJO ACA!! Regresan las recompensas a ğŸ¤©ğŸ¤©ğŸ¤©ğŸ¤©
25/11/2023,13:16:52,Gracias nos escuchaste y por eso seguirÃ© contigo ğŸ«¶ğŸ¤—
25/11/2023,11:00:45,Lo mejor que pudiste hacer amigo
25/11/2023,04:47:53,Tsss .. que bueno .
25/11/2023,04:44:46,"Hiciste bien, tÃ­o â˜ºï¸"
26/11/2023,18:53:13,Les recomiendo tambiÃ©n es mexicano y no estÃ¡ en quiebra con el DientesDeBurroUsurero
26/11/2023,16:58:44,"Gracias por la respuesta, estare atento saludos tio"
27/11/2023,23:58:29,Gracias ğŸ™ ğŸ˜ğŸ‘Œâ¦@soynumxâ© â¦@nubankâ© espero sirva de aprendizaje a las demÃ¡s plataformas si quieren nuestro dinero como inversionistas. Fyi â¦@dinnactinverâ© â¦@heybancoâ© â¦@ualaâ© â¦@uala_mexâ© â¦@MercadoPagoMexâ© â¦@FinsusAppâ©
27/11/2023,09:38:19,"IncreÃ­ble atenciÃ³n al cliente de siempre he pagado a tiempo, estoy dentro del plazo de pago yâ€¦"
28/11/2023,10:47:12,el mejor banco
29/11/2023,09:13:31,"Me unÃ­ a en julio de 2019 y me ha resultado muy Ãºtil para mis transacciones en lÃ­nea, la verdad la recomiendo mucho"
30/11/2023,10:15:52,"Hey Banco me gusta mucho, iwal mercado pago apae de q es sÃºper prÃ¡ctico y el dinero q tienes ahÃ­ estÃ¡ inveido en gbm y te genera unos pesitos extras"
01/12/2023,21:23:51,ğŸ Â¡PromociÃ³n para todos nuestros clientes Hey! Aprovecha las compras de temporada y recibe recompensas en efectivo. Â¿List@ pâ€¦
01/12/2023,16:26:31,Me gustaba porque repoaba a burÃ³ de crÃ©dito
01/12/2023,08:55:31,Hey. Banco que haya salido a la luz la coreo completa. Me gustÃ³ el final a lo indio. Como se llama la obra que interpretan?
02/12/2023,20:22:15,Siempre estoy recomendando y llevo 2 meses sin tarjeta ğŸ¤¡ Â¿regresar a Banamex serÃ¡ la soluciÃ³n?
02/12/2023,11:30:48,terminos y condiciones por favor
05/12/2023,15:45:46,Jajajaja
07/12/2023,10:11:29,Breve lecciÃ³n de economÃ­a. Aprende a no pagarle a y a cobrar por depositar en y al mismo tiempo que luchas contra el Gaza_Genocide
07/12/2023,09:35:45,. Llegan nuevos instrumentos financieros y te ofrecen hasta el 13 por ciento de dinero adicional por cada dÃ­a que guardes tu dinero mientras que te cobra si no lo mueves por mÃ¡s de seis meses. Por eso estÃ¡ en
09/12/2023,16:38:30,"Jamas pensÃ© que me quedarÃ­a con Hey Banco despuÃ©s de todas las mamadas que estÃ¡n haciendo pero literalmente es la mejor opciÃ³n que tengo. En fin, chingada madre HSBC, tremendo pedo por una compra de 150 pesos."
09/12/2023,16:12:02,"Correcto, sin mÃ¡s preÃ¡mbulos."
14/12/2023,18:55:33,ApareciÃ³ una buena promo en al contratar un seguro para tu celular.
14/12/2023,11:19:37,"El canje de las hey Coins de por tarjetas de regalo de Amazon ya son instantÃ¡neas, te llegan los cÃ³digos casi al insâ€¦"
14/12/2023,10:13:06,"Excelente pregunta, que de dijeron bro?â€¦"
14/12/2023,10:10:39,"El canje de las hey Coins de por tarjetas de regalo de Amazon ya son instantÃ¡neas, te llegan los cÃ³digos casi al instante. Â¿Recuerdan lo que me pasÃ³ hace unos meses? ğŸ¥²"
15/12/2023,16:13:32,"Confirmo el dÃ­a de hoy cambie mis Hey coins y en el correo de confirmaciÃ³n ya viene el cÃ³digo, todo cool ya hasta realizÃ³ mi compra ğŸ‘"
17/12/2023,16:29:51,Amamos las recompensas de ğŸ«¡
17/12/2023,12:08:17,Con para que me patrocine mÃ¡s juegos del MaratonDevir
18/12/2023,10:31:35,"EvaluÃ© cambiar a HeyBanco! por Nu, debido a la tasa de rendimiento y wow, gratamente sorprendida."
19/12/2023,21:07:28,Muy amablemente su AreaEspecializada me diÃ³ soluciÃ³n. ^R
22/12/2023,17:50:55,"Te la recomiendo, atenciÃ³n inmediata, tambiÃ©n para ti un abrazo y felices fiestas, abrazo para toda la familia."
22/12/2023,17:37:53,"Entiendo, con la de Baz me transfiero de la de crÃ©dito a la de Azteca, entra como una compra y no me genera comisiÃ³n. Te la recomiendo y muy accesible"
22/12/2023,15:58:18,"Excelente, gracias por la informaciÃ³n."
22/12/2023,11:43:33,"Hola Pepe, buenos dÃ­as. Te atiende SofÃ­a, es un gusto saludae. Â¿Nos podrÃ­as compair vÃ­a DM mayor detalle de la situaciÃ³n que presentas con tu aplicaciÃ³n BBVA MÃ©xico, por favor? 1/2"
27/12/2023,09:01:38,"Manifestando ganarme el soeo de HeyBanco. Hecho esta, lo declaro, soy abundancia."
28/12/2023,22:25:18,"Hola! He mantenido un buen historial con ustedes, tengo la duda de quÃ© hacer para que me aumenten la lÃ­nea de crÃ©dito TDC?"
30/12/2023,09:31:05,Gracias ayer me atendieron rÃ¡pido por llamada ya quedo resuelto
01/01/2024,14:05:36,"AÃ±o Nuevo, novedades nuevas Â¿que les parece este ajuste de HEYBANCO? Anualidad y HEY PRO forzado ğŸ™Œ Me parece una mejor opciÃ³n"
01/01/2024,09:25:46,"Hay que transmitir informaciÃ³n fidedigna y real, ya lleva algunos aÃ±os operando..."
02/01/2024,17:51:09,"Te recomiendo Hey banco, no tiene nada de eso y puedes retirar en cualquier HSBC o inbursa sin comisiÃ³n."
04/01/2024,22:01:23,"Hoy fui a la Fanshop de Hey banco y me la pasÃ© super chido, ademÃ¡s hice un amix âœ¨"
04/01/2024,12:03:48,"otra opciÃ³n que en lo personal podrÃ­a recomendae, tambiÃ©n tiene buenas promociones y MSI"
04/01/2024,11:15:48,la mejor
05/01/2024,12:39:28,Va gracias les mande dm
07/01/2024,18:53:21,estÃ¡ mejor
07/01/2024,17:46:48,puro ese mejor nu nu fonite foniteog
08/01/2024,11:16:15,"Yo: voy a trabajar Mi hermana: Oye, entonnces cÃ³mo valido mi HeyBanco PapÃ¡s: Oye, que hay un tema con el depa ;_; jajajaja pero bueno, agradezco que haya alguien allÃ¡ que me ayude a resolverlo."
09/01/2024,23:55:06,"Tengo un Pixel 5, genio."
09/01/2024,00:42:33,Si ya todo bien SeÃ±or LampiğŸ™ŒğŸ»
10/01/2024,13:37:20,"Uy, ya los contactÃ©, incluso les mande video al correo electrÃ³nico que me seÃ±alo la persona que me contestÃ³, actualice mi sistema operativo y sigue igual, esto sucede solo con la app del Banco Hey, tengo apps de otros bancos y funcionan perfecto."
10/01/2024,12:36:49,ğŸ Â¡PromociÃ³n para todos nuestros clientes Hey! Aprovecha las compras de temporada y recibe recompensas en efectivo. Â¿List@ pâ€¦
11/01/2024,15:20:48,Gracias
13/01/2024,13:44:57,Ya llame y ya me ayudaron gracias
14/01/2024,14:57:03,No tiene lÃ­mites jajaja gpt-4 gratis
15/01/2024,12:22:52,"QuedÃ³ solucionado el fin de semana, gracias"
16/01/2024,18:32:25,Listo ya quedÃ³ muchas gracias.
17/01/2024,22:32:37,"HeyBanco y nu son mucho mejores, para los que andan buscando moverse."
17/01/2024,21:08:35,"Por si ocupan, excelentes alternativas a BancoAztecaEnQuiebra 1. HeyBanco - Sin comisiones, contrataciÃ³n en lÃ­nea, +23K puntos para retirar $ 2. NuBank - Sin comisiones, contrataciÃ³n en lÃ­nea, retiro de efectivo en supermercados."
17/01/2024,19:54:36,"Excelentes alternativas a 1. HeyBanco - Sin comisiones, contrataciÃ³n en lÃ­nea, +23K puntos para retirar $ 2. NuBank - Sin comisiones, contrataciÃ³n en lÃ­nea, retiro de efectivo en supermercados"
17/01/2024,19:51:13,"Excelentes alternativas a : 1. HeyBanco - Sin comisiones, contrataciÃ³n en lÃ­nea, +23K puntos para retirar $ 2. NuBank - Sin comisiones, contrataciÃ³n en lÃ­nea, retiro de efectivo en supermercados"
17/01/2024,19:43:52,"Excelentes alternativas a Banco Azteca: 1. HeyBanco - Sin comisiones, contrataciÃ³n en lÃ­nea, +23K puntos para retirar $ 2. NuBank - Sin comisiones, contrataciÃ³n en lÃ­nea, retiro de efectivo en supermercados"
18/01/2024,12:58:15,Â¡Celebramos 6 aÃ±os en Hey Banco! ğŸ‰ Gracias por confiar en nosotros en este viaje; tu apoyo ha sido fundamental para nuestroâ€¦
19/01/2024,11:01:15,"Buen dÃ­a, enviÃ© correo justo ahora. Gracias."
19/01/2024,10:06:58,Buenos dÃ­as. Con la maravillosa sorpresa de que mi cuenta amaneciÃ³ en ceros ğŸ¤¡
21/01/2024,19:07:32,Listo!!
21/01/2024,18:42:05,"Raro, yo he realizado varias transacciones sin problema"
21/01/2024,09:09:53,la mejor opciÃ³n rendimiento del 13%
21/01/2024,17:58:03,Hola! TambiÃ©n me gustarÃ­a unirme porfa.
21/01/2024,11:46:51,"Agrega la app nunca me ha fallado, su proceso de contrataciÃ³n es Ã¡gil pues al par quÃ© abres la cuenta te evalÃºa para la tarjeta de crÃ©dito; depÃ³sitos y transferencias inmediatas."
22/01/2024,17:18:41,Dinero deberÃ­an darme los de pero gracias por un aÃ±o de servicios.
22/01/2024,16:00:41,"MuchÃ­simas gracias! se comprometiÃ³ a resolver el problema con fecha lÃ­mite al 25 de enero de 2024, de no ser asÃ­ enseguida me pondrÃ© en contacto con"
22/01/2024,13:55:08,Muchas gracias
22/01/2024,12:57:27,"Les agradezco mucho la atenciÃ³n, me pondrÃ© en contacto con ustedes."
23/01/2024,12:10:13,estamos mÃ¡s que listos ğŸ¤©ğŸ˜ ansiosos DesconÃ©ctate por 3 dÃ­as en el AcÃºstico Hey Banco de TecatePalNoe ğŸ”Œ
25/01/2024,21:11:05,Funciona mucho mejor que el de ğŸ¤¡ğŸ¤¡
26/01/2024,22:23:25,Jajajaja lo amÃ©
26/01/2024,17:41:58,Jajaja
29/01/2024,18:17:18,"Hola, buenas tardes. Te atiende Luz, es un placer saludae. Con gusto podemos apoyae, por favor escrÃ­benos a nuestra cuenta oficial en Twitter ( ) para brindarle seguimiento a tu solicitud y compaie la informaciÃ³n correspondiente. 1"
29/01/2024,15:44:22,"Listo, gracias."
30/01/2024,15:12:47,Hola valdrÃ­a la pena que cuando hagan cambios dan un resumen de los cambios realizados en el contrato y no manden las 60 hojas completas. ğŸ˜¬ CharlyTip mejora la experiencia del cliente.
01/02/2024,14:25:36,Me encantan las respuestas de a las fallas repoadas en su App ğŸ™„
01/02/2024,00:51:32,"de debito puedes pedir nu desde la app, tmb hey banco, yo tengo esa y no me piden minimo ni me cobran por manejo de cuenta, esa la abri xq tuve un pedo con la nomina en banamex y la usaba como para ahorrar pero ahora la uso casi para todo heejej, la tj fisica me costo 109 creo"
02/02/2024,11:11:22,"Y aprovecho el tuit para recomendarles a hey banco, yo lqm ğŸ«¶ğŸ½ ni una sola queja en dos aÃ±os"
06/02/2024,11:34:36,interesante
07/02/2024,02:05:30,Mejor aumenten lÃ­neas de crÃ©dito! ğŸ˜­ğŸ˜­ğŸ˜­ğŸ˜­
08/02/2024,20:20:59,"Hey banco no, es ilimitado jajajaja, suena increÃ­ble."
08/02/2024,19:16:00,"Cada mÃ¡s agradecido de peenecer a !! Si ocupan un banco que solucione, este es el mero bueno! Thkss"
08/02/2024,18:30:39,"Por eso me encanta Su app es simplemente increÃ­ble! ğŸ’¯. AdemÃ¡s de ser super intuitiva, Cashback en todas tus comprasâ€¦"
08/02/2024,05:52:22,"Aaawww que bonito, hey Banco mucho la cola :D"
09/02/2024,13:05:02,Gracias
10/02/2024,10:12:37,trae la de hey banco ğŸ˜ğŸ¥¹ humilde mi chiquito
11/02/2024,11:40:38,"Para los que se preguntan dÃ³nde conseguir la tarjeta, la pueden sacar en Hey Banco con muchos diseÃ±os a elegir"
12/02/2024,20:17:49,"Ya es lo que empezarÃ© a hacer, graciasâ€¦."
12/02/2024,16:43:13,"Jajaj FIJA-TÃˆ como no te dije pero en fin.... so far, so good ğŸ˜„ğŸŒˆ"
12/02/2024,16:11:52,"Mira amixe al fin, abrÃ­ mi cuenta me llegÃ³ super rÃ¡pido, en 2 dÃ­as, por dhl y pues nada, me ha encantado!! ğŸ¤©ğŸ¤©ğŸ¦„"
13/02/2024,17:03:36,Â¡Celebra el amor con estilo este San ValentÃ­n! â¤ï¸ Descubre las Ãºltimas colecciones de tus marcas favoritas aquÃ­: SomosHey HeyMedia HeyBanco SanValentÃ­n Regalos
13/02/2024,16:16:21,Comerciales tan ganadores como los Kansas Chiefs que nos dejÃ³ el SuperBowl este aÃ±o: SomosHey HeyMedia HeyBanco Comerciales SBLVIII MichaelCera JLo MainScorsese
13/02/2024,12:07:46,por favor de su apoyo para saber los mÃ³dulos que tienen en CDMX. Gracias.
19/02/2024,12:04:17,"Ya se arreglÃ³, gracias."
20/02/2024,09:38:29,tenencia a 6MSI y los amo! ğŸ¥° ğŸ«£
21/02/2024,15:10:57,Al fin recuperÃ© mi cuenta de Los amo! ğŸ«±ğŸ»â€ğŸ«²ğŸ¾
22/02/2024,10:15:48,"Hey, hey, hey, banco ğŸ‘Œâœ”ï¸ Esto es perfecto"
29/02/2024,21:07:53,Gracias por la informaciÃ³n. Me fue muy Ãºtil.
01/03/2024,23:39:44,"Ya tengo 11 meses con la TDC garantizada con buen uso, cuando me van a graduar? Recuerdo que cuando la contratÃ© decÃ­a 6 meses de buen uso :("
01/03/2024,19:35:31,nunca falla ğŸ˜
01/03/2024,04:46:39,"Muchas gracias, ya salÃ­ del apuro gracias a y ."
02/03/2024,14:24:38,Gracias. Ya revisÃ©
06/03/2024,20:09:14,Jaja gracias! ğŸ‘
06/03/2024,16:28:42,Te recomiendo
08/03/2024,02:06:50,SÃ¡bado Perpetuo ğŸ™
13/03/2024,21:34:41,Gracias por la atenciÃ³n
13/03/2024,20:40:01,"Muchas gracias, ya quedÃ³ :)"
15/03/2024,01:51:01,Agree contigo A la versh ğŸ‘‡ğŸ½
16/03/2024,16:45:25,"Hice por mail una sugerencia en la app en cuanto a que den facilidades para modificar/actualizar un dato como lo es el nÃºmero de cel. Me responden de que me comunique por telÃ©fono, y a ver que me digan ahÃ­. QuÃ© facilidad ayuda viene a ser esa...!? NomÃ¡s no sacan de apuros. âœŒğŸ½"
18/03/2024,17:23:05,Gracias por la atenciÃ³n!
18/03/2024,17:13:48,"Hola, buenos dÃ­as. Te atiende Luz, es un placer saludae. Para nosotros son muy impoantes tus comentarios, por lo que nos interesa saber mÃ¡s sobre tu experiencia. Â¿Nos puedes brindar mayor detalle de la situaciÃ³n que presentas, por favor? 1"
19/03/2024,18:48:19,Gracias ya hable vÃ­a telefÃ³nica y se resolviÃ³ mi inquietud
22/03/2024,21:40:28,Te amo Gran experiencia ir a la hey shop Lxs tqm
23/03/2024,21:38:20,"Me recomendaron charliehack50 en TELEGRAM. Ã‰l puede ayudae a solucionar este problema. RecuperÃ© el mÃ­o con su ayuda, asÃ­ que lo recomiendo como la mejor y mÃ¡s rÃ¡pida opciÃ³n."
26/03/2024,06:00:06,Buen dia! Hay alguna promocion a MSI para el pago de tenencia del ? Saludos
27/03/2024,20:47:08,"Yo sÃ­ recomiendo! Aunque siento que es difÃ­cil que te la aprueben si nunca has tenido una, o si no tienes historial con banamex (al menos he escuchado casos asÃ­), mi primera tdc fue de heybanco y recomiendo, en ese tiempo daban 1 o 2% de recompensas en compras con la tarjeta+"
27/03/2024,02:21:57,"Gracias a por invitarnos a conocer mÃ¡s sobre la colecciÃ³n retro asÃ­ como los detalles y obsequios ! Mi Tarjeta es la de Anime , acorde para comprar los boletos de cine para la nueva pelÃ­cula de rascaldoesnotdream"
28/03/2024,20:07:52,Hola. Estaremos encantados de asistie de la mejor manera. Te invitamos a que nos escribas un DM y con gusto te ayudaremos con toda la informaciÃ³n que requieres. Estaremos pendientes de ti.
28/03/2024,18:00:54,gracias didi por la confianza y incrementar mi lÃ­nea de crÃ©dito a 20k ni y mean ofreciendo tanto crÃ©dito gracias solo faltarÃ­a los MSI
28/03/2024,17:31:57,"Hola! Gracias, acabo de enviar correo."
30/03/2024,19:47:37,"hola, Les mande dm :)"
30/03/2024,18:47:15,Ayer me ganÃ© un sombrerito en y real me quedaba con mi outfit jajajaja y fui feliz todo el festival. Me lo chulearon mucho ğŸ’œâ˜ºï¸ğŸ¤­
31/03/2024,23:19:35,A diferencia de ustedes han demostrado una verdadera comprensiÃ³n de las necesidades de sus clientes. Â¡Gracias por hacer posible que mis proyectos se hagan realidad! ğŸ™ŒğŸ¼ğŸ’™
31/03/2024,02:47:12,TE AMO UN CHINGO ğŸ˜
04/04/2024,08:41:17,Akamba regresa gracias a Aprovecha la venta PRE Cael presentada por Hey Banco. Disfruta de esta etapa Ãºnicaâ€¦
04/04/2024,01:05:10,Lo mÃ­o se resolviÃ³ fÃ¡cil. Solo entra a la banca en lÃ­nea desde una computadora y te dirÃ¡ que estas bloqueado pero pones el token de tu cel y listo. Suee
05/04/2024,02:55:10,Para mÃ­ eso es mÃ¡s que suficiente.
07/04/2024,23:22:19,"Me recomendaron charliehack50 en TELEGRAM. Ã‰l puede ayudae a solucionar este problema. RecuperÃ© el mÃ­o con su ayuda, asÃ­ que lo recomiendo como la mejor y mÃ¡s rÃ¡pida opciÃ³n."
10/04/2024,21:57:10,TambiÃ©n necesito ayuda
10/04/2024,16:53:34,Listo!
10/04/2024,16:05:30,Gracias ya lo solucione
12/04/2024,17:19:20,"buenos dÃ­as, llevo desde el otro fin de semana tratando de pagar mis tarjetas pero no puede transferir a hey banco desde mi cuenta principal. ME REGRESAN TODAS LAS TRANSFERECIAS AYUDA"
15/04/2024,23:44:20,Y asÃ­ es como le ganÃ³ la carrera de las fintech a Con una aplicaciÃ³n que siempre funciona y es amigable con el cliente.
16/04/2024,17:41:40,Gracias
17/04/2024,04:45:42,gracias ğŸ¤©
18/04/2024,17:28:23,Gracias
18/04/2024,15:59:11,los amo! Gracias ya pude entrar a mi App saludos ğŸ˜†
18/04/2024,04:34:45,Sigue sin dejarme aumentar mi linea de la tarjeta de crÃ©dito garantizada
21/04/2024,15:21:43,"Ahora confirmo, gracias estimado"
23/04/2024,22:52:05,ğŸ˜” de acuerdo!! Muchas gracias.
23/04/2024,21:30:12,"TÃ­o cuando me van a graduar, tengo la TDC garantizada ya hace mÃ¡s de un aÃ±o que la saquÃ©, y recuerdo que decÃ­an que con 6 meses de buen uso, ayuda :c"
25/04/2024,00:51:24,"una duda, con quiÃ©n tengo que ver si tengo problemas para aumentar mi lÃ­nea de crÃ©dito de mi tarjeta hey garantizada, la app no me deja marca un error. Me pasa igual en mis 2 telÃ©fonos que tengo."
26/04/2024,13:30:56,"Wey, lo mejor de es que puedo pagar con Apple Pay ğŸ¤©ğŸ¥³"
